restaurant_id,menu_category,item_name,ingredients,price,profitability,ingredients_hidden,profitability_score,category
R003,Beverages,Soda,['confidential'],2.55,Low,True,1,icecek
R001,Appetizers,Spinach Artichoke Dip,"['Tomatoes', 'Basil', 'Garlic', 'Olive Oil']",11.12,Medium,False,2,ana_yemek
R003,Desserts,New York Cheesecake,"['Chocolate', 'Butter', 'Sugar', 'Eggs']",18.66,High,False,3,tatli
R003,Main Course,Chicken Alfredo,"['Chicken', 'Fettuccine', 'Alfredo Sauce', 'Parmesan']",29.55,High,False,3,ana_yemek
R002,Main Course,Grilled Steak,"['Chicken', 'Fettuccine', 'Alfredo Sauce', 'Parmesan']",17.73,Medium,False,2,ana_yemek
R001,Appetizers,Stuffed Mushrooms,"['Tomatoes', 'Basil', 'Garlic', 'Olive Oil']",12.28,High,False,3,ana_yemek
R001,Beverages,Soda,['confidential'],2.87,Low,True,1,icecek
R003,Desserts,Tiramisu,"['Chocolate', 'Butter', 'Sugar', 'Eggs']",10.47,Medium,False,2,tatli
R003,Main Course,Grilled Steak,"['Chicken', 'Fettuccine', 'Alfredo Sauce', 'Parmesan']",26.78,High,False,3,ana_yemek
R003,Beverages,Lemonade,['confidential'],4.95,Medium,True,2,icecek
R001,Desserts,Chocolate Lava Cake,"['Chocolate', 'Butter', 'Sugar', 'Eggs']",16.08,High,False,3,tatli
R001,Appetizers,Spinach Artichoke Dip,"['Tomatoes', 'Basil', 'Garlic', 'Olive Oil']",8.09,Medium,False,2,ana_yemek
R001,Beverages,Iced Tea,['confidential'],4.43,Medium,True,2,icecek
R001,Main Course,Chicken Alfredo,"['Chicken', 'Fettuccine', 'Alfredo Sauce', 'Parmesan']",18.46,Medium,False,2,ana_yemek
R003,Beverages,Lemonade,['confidential'],3.83,Medium,True,2,icecek
R003,Desserts,Tiramisu,"['Chocolate', 'Butter', 'Sugar', 'Eggs']",13.91,Medium,False,2,tatli
R002,Beverages,Coffee,['confidential'],2.94,Low,True,1,icecek
R002,Main Course,Grilled Steak,"['Chicken', 'Fettuccine', 'Alfredo Sauce', 'Parmesan']",23.52,High,False,3,ana_yemek
R001,Desserts,Tiramisu,"['Chocolate', 'Butter', 'Sugar', 'Eggs']",17.75,High,False,3,tatli
R002,Main Course,Grilled Steak,"['Chicken', 'Fettuccine', 'Alfredo Sauce', 'Parmesan']",28.9,High,False,3,ana_yemek
R003,Beverages,Lemonade,['confidential'],2.27,Low,True,1,icecek
R003,Beverages,Soda,['confidential'],4.88,Medium,True,2,icecek
R001,Beverages,Soda,['confidential'],2.81,Low,True,1,icecek
R001,Beverages,Iced Tea,['confidential'],4.9,Low,True,1,icecek
R001,Appetizers,Bruschetta,"['Tomatoes', 'Basil', 'Garlic', 'Olive Oil']",13.62,High,False,3,ana_yemek
R001,Appetizers,Spinach Artichoke Dip,"['Tomatoes', 'Basil', 'Garlic', 'Olive Oil']",10.96,Medium,False,2,ana_yemek
R001,Beverages,Coffee,['confidential'],2.02,Low,True,1,icecek
R003,Desserts,Chocolate Lava Cake,"['Chocolate', 'Butter', 'Sugar', 'Eggs']",17.11,High,False,3,tatli
R003,Appetizers,Spinach Artichoke Dip,"['Tomatoes', 'Basil', 'Garlic', 'Olive Oil']",8.52,Medium,False,2,ana_yemek
R003,Main Course,Chicken Alfredo,"['Chicken', 'Fettuccine', 'Alfredo Sauce', 'Parmesan']",28.72,Medium,False,2,ana_yemek
R001,Beverages,Coffee,['confidential'],2.99,High,True,3,icecek
R003,Desserts,Tiramisu,"['Chocolate', 'Butter', 'Sugar', 'Eggs']",13.25,Medium,False,2,tatli
R003,Beverages,Coffee,['confidential'],2.82,Low,True,1,icecek
R003,Appetizers,Spinach Artichoke Dip,"['Tomatoes', 'Basil', 'Garlic', 'Olive Oil']",8.84,High,False,3,ana_yemek
R002,Desserts,Chocolate Lava Cake,"['Chocolate', 'Butter', 'Sugar', 'Eggs']",17.22,High,False,3,tatli
R003,Desserts,Tiramisu,"['Chocolate', 'Butter', 'Sugar', 'Eggs']",14.94,Medium,False,2,tatli
R001,Desserts,New York Cheesecake,"['Chocolate', 'Butter', 'Sugar', 'Eggs']",11.11,Medium,False,2,tatli
R001,Desserts,New York Cheesecake,"['Chocolate', 'Butter', 'Sugar', 'Eggs']",18.96,High,False,3,tatli
R001,Beverages,Soda,['confidential'],3.53,Medium,True,2,icecek
R002,Appetizers,Spinach Artichoke Dip,"['Tomatoes', 'Basil', 'Garlic', 'Olive Oil']",12.23,High,False,3,ana_yemek
R003,Desserts,Chocolate Lava Cake,"['Chocolate', 'Butter', 'Sugar', 'Eggs']",12.29,Medium,False,2,tatli
R003,Desserts,New York Cheesecake,"['Chocolate', 'Butter', 'Sugar', 'Eggs']",11.61,High,False,3,tatli
R002,Main Course,Chicken Alfredo,"['Chicken', 'Fettuccine', 'Alfredo Sauce', 'Parmesan']",19.43,Medium,False,2,ana_yemek
R001,Main Course,Vegetable Stir-Fry,"['Chicken', 'Fettuccine', 'Alfredo Sauce', 'Parmesan']",27.06,High,False,3,ana_yemek
R002,Main Course,Shrimp Scampi,"['Chicken', 'Fettuccine', 'Alfredo Sauce', 'Parmesan']",19.87,Medium,False,2,ana_yemek
R003,Beverages,Soda,['confidential'],2.95,Low,True,1,icecek
R001,Appetizers,Bruschetta,"['Tomatoes', 'Basil', 'Garlic', 'Olive Oil']",12.53,High,False,3,ana_yemek
R001,Beverages,Soda,['confidential'],4.58,Medium,True,2,icecek
R003,Main Course,Vegetable Stir-Fry,"['Chicken', 'Fettuccine', 'Alfredo Sauce', 'Parmesan']",23.01,High,False,3,ana_yemek
R002,Appetizers,Bruschetta,"['Tomatoes', 'Basil', 'Garlic', 'Olive Oil']",8.84,Medium,False,2,ana_yemek
R003,Desserts,Tiramisu,"['Chocolate', 'Butter', 'Sugar', 'Eggs']",12.19,Low,False,1,tatli
R001,Beverages,Soda,['confidential'],2.19,Low,True,1,icecek
R002,Beverages,Coffee,['confidential'],2.76,Low,True,1,icecek
R002,Desserts,Chocolate Lava Cake,"['Chocolate', 'Butter', 'Sugar', 'Eggs']",11.48,Medium,False,2,tatli
R001,Desserts,Chocolate Lava Cake,"['Chocolate', 'Butter', 'Sugar', 'Eggs']",19.77,High,False,3,tatli
R002,Desserts,Chocolate Lava Cake,"['Chocolate', 'Butter', 'Sugar', 'Eggs']",13.45,Medium,False,2,tatli
R001,Desserts,Tiramisu,"['Chocolate', 'Butter', 'Sugar', 'Eggs']",11.45,Medium,False,2,tatli
R002,Beverages,Iced Tea,['confidential'],2.73,Low,True,1,icecek
R003,Desserts,Fruit Tart,"['Chocolate', 'Butter', 'Sugar', 'Eggs']",12.38,Medium,False,2,tatli
R003,Main Course,Vegetable Stir-Fry,"['Chicken', 'Fettuccine', 'Alfredo Sauce', 'Parmesan']",22.05,Medium,False,2,ana_yemek
R002,Main Course,Grilled Steak,"['Chicken', 'Fettuccine', 'Alfredo Sauce', 'Parmesan']",23.04,High,False,3,ana_yemek
R001,Appetizers,Stuffed Mushrooms,"['Tomatoes', 'Basil', 'Garlic', 'Olive Oil']",11.56,Medium,False,2,ana_yemek
R001,Desserts,Fruit Tart,"['Chocolate', 'Butter', 'Sugar', 'Eggs']",13.26,Medium,False,2,tatli
R003,Main Course,Shrimp Scampi,"['Chicken', 'Fettuccine', 'Alfredo Sauce', 'Parmesan']",27.14,High,False,3,ana_yemek
R003,Beverages,Soda,['confidential'],4.07,Medium,True,2,icecek
R003,Main Course,Vegetable Stir-Fry,"['Chicken', 'Fettuccine', 'Alfredo Sauce', 'Parmesan']",17.06,Medium,False,2,ana_yemek
R001,Appetizers,Caprese Salad,"['Tomatoes', 'Basil', 'Garlic', 'Olive Oil']",14.47,Low,False,1,salata
R002,Main Course,Shrimp Scampi,"['Chicken', 'Fettuccine', 'Alfredo Sauce', 'Parmesan']",18.43,Medium,False,2,ana_yemek
R002,Beverages,Soda,['confidential'],3.55,Medium,True,2,icecek
R001,Main Course,Chicken Alfredo,"['Chicken', 'Fettuccine', 'Alfredo Sauce', 'Parmesan']",16.4,Low,False,1,ana_yemek
R001,Appetizers,Stuffed Mushrooms,"['Tomatoes', 'Basil', 'Garlic', 'Olive Oil']",12.43,High,False,3,ana_yemek
R001,Appetizers,Spinach Artichoke Dip,"['Tomatoes', 'Basil', 'Garlic', 'Olive Oil']",12.9,High,False,3,ana_yemek
R003,Beverages,Coffee,['confidential'],3.21,Medium,True,2,icecek
R001,Beverages,Coffee,['confidential'],2.25,Low,True,1,icecek
R002,Beverages,Coffee,['confidential'],3.74,High,True,3,icecek
R002,Appetizers,Spinach Artichoke Dip,"['Tomatoes', 'Basil', 'Garlic', 'Olive Oil']",14.82,High,False,3,ana_yemek
R002,Beverages,Iced Tea,['confidential'],3.65,Medium,True,2,icecek
R002,Desserts,Fruit Tart,"['Chocolate', 'Butter', 'Sugar', 'Eggs']",19.94,High,False,3,tatli
R001,Beverages,Soda,['confidential'],3.48,Medium,True,2,icecek
R003,Desserts,Chocolate Lava Cake,"['Chocolate', 'Butter', 'Sugar', 'Eggs']",13.08,Medium,False,2,tatli
R003,Desserts,Tiramisu,"['Chocolate', 'Butter', 'Sugar', 'Eggs']",12.65,Medium,False,2,tatli
R002,Main Course,Grilled Steak,"['Chicken', 'Fettuccine', 'Alfredo Sauce', 'Parmesan']",29.68,High,False,3,ana_yemek
R003,Main Course,Vegetable Stir-Fry,"['Chicken', 'Fettuccine', 'Alfredo Sauce', 'Parmesan']",24.47,High,False,3,ana_yemek
R002,Appetizers,Caprese Salad,"['Tomatoes', 'Basil', 'Garlic', 'Olive Oil']",12.52,High,False,3,salata
R003,Beverages,Soda,['confidential'],2.59,Low,True,1,icecek
R001,Beverages,Lemonade,['confidential'],3.72,Medium,True,2,icecek
R001,Beverages,Soda,['confidential'],4.98,Medium,True,2,icecek
R002,Appetizers,Caprese Salad,"['Tomatoes', 'Basil', 'Garlic', 'Olive Oil']",14.4,High,False,3,salata
R003,Beverages,Soda,['confidential'],4.86,Medium,True,2,icecek
R001,Appetizers,Caprese Salad,"['Tomatoes', 'Basil', 'Garlic', 'Olive Oil']",14.77,High,False,3,salata
R003,Beverages,Soda,['confidential'],2.23,Low,True,1,icecek
R001,Appetizers,Stuffed Mushrooms,"['Tomatoes', 'Basil', 'Garlic', 'Olive Oil']",13.96,High,False,3,ana_yemek
R003,Beverages,Iced Tea,['confidential'],3.67,Medium,True,2,icecek
R003,Main Course,Grilled Steak,"['Chicken', 'Fettuccine', 'Alfredo Sauce', 'Parmesan']",28.95,High,False,3,ana_yemek
R002,Beverages,Iced Tea,['confidential'],3.85,Medium,True,2,icecek
R002,Desserts,Tiramisu,"['Chocolate', 'Butter', 'Sugar', 'Eggs']",12.54,Medium,False,2,tatli
R002,Main Course,Grilled Steak,"['Chicken', 'Fettuccine', 'Alfredo Sauce', 'Parmesan']",26.11,High,False,3,ana_yemek
R001,Appetizers,Spinach Artichoke Dip,"['Tomatoes', 'Basil', 'Garlic', 'Olive Oil']",12.96,High,False,3,ana_yemek
R003,Appetizers,Caprese Salad,"['Tomatoes', 'Basil', 'Garlic', 'Olive Oil']",13.67,High,False,3,salata
R003,Main Course,Chicken Alfredo,"['Chicken', 'Fettuccine', 'Alfredo Sauce', 'Parmesan']",24.17,High,False,3,ana_yemek
R002,Desserts,Chocolate Lava Cake,"['Chocolate', 'Butter', 'Sugar', 'Eggs']",16.28,Low,False,1,tatli
R001,Beverages,Coffee,['confidential'],3.19,Medium,True,2,icecek
R002,Beverages,Lemonade,['confidential'],3.01,Medium,True,2,icecek
R002,Main Course,Vegetable Stir-Fry,"['Chicken', 'Fettuccine', 'Alfredo Sauce', 'Parmesan']",23.67,High,False,3,ana_yemek
R002,Desserts,Chocolate Lava Cake,"['Chocolate', 'Butter', 'Sugar', 'Eggs']",11.55,Medium,False,2,tatli
R002,Appetizers,Caprese Salad,"['Tomatoes', 'Basil', 'Garlic', 'Olive Oil']",12.14,High,False,3,salata
R002,Appetizers,Stuffed Mushrooms,"['Tomatoes', 'Basil', 'Garlic', 'Olive Oil']",8.27,Medium,False,2,ana_yemek
R003,Main Course,Shrimp Scampi,"['Chicken', 'Fettuccine', 'Alfredo Sauce', 'Parmesan']",16.91,Medium,False,2,ana_yemek
R001,Desserts,Fruit Tart,"['Chocolate', 'Butter', 'Sugar', 'Eggs']",18.42,High,False,3,tatli
R002,Desserts,New York Cheesecake,"['Chocolate', 'Butter', 'Sugar', 'Eggs']",16.37,High,False,3,tatli
R001,Main Course,Vegetable Stir-Fry,"['Chicken', 'Fettuccine', 'Alfredo Sauce', 'Parmesan']",25.72,High,False,3,ana_yemek
R003,Appetizers,Stuffed Mushrooms,"['Tomatoes', 'Basil', 'Garlic', 'Olive Oil']",9.9,Medium,False,2,ana_yemek
R002,Desserts,Tiramisu,"['Chocolate', 'Butter', 'Sugar', 'Eggs']",10.25,Medium,False,2,tatli
R001,Main Course,Shrimp Scampi,"['Chicken', 'Fettuccine', 'Alfredo Sauce', 'Parmesan']",21.42,High,False,3,ana_yemek
R001,Appetizers,Caprese Salad,"['Tomatoes', 'Basil', 'Garlic', 'Olive Oil']",14.41,High,False,3,salata
R003,Main Course,Vegetable Stir-Fry,"['Chicken', 'Fettuccine', 'Alfredo Sauce', 'Parmesan']",23.24,High,False,3,ana_yemek
R001,Beverages,Soda,['confidential'],2.84,Low,True,1,icecek
R001,Desserts,Fruit Tart,"['Chocolate', 'Butter', 'Sugar', 'Eggs']",15.54,High,False,3,tatli
R002,Appetizers,Spinach Artichoke Dip,"['Tomatoes', 'Basil', 'Garlic', 'Olive Oil']",8.33,Low,False,1,ana_yemek
R002,Beverages,Lemonade,['confidential'],4.27,Medium,True,2,icecek
R001,Appetizers,Caprese Salad,"['Tomatoes', 'Basil', 'Garlic', 'Olive Oil']",8.64,Medium,False,2,salata
R003,Appetizers,Caprese Salad,"['Tomatoes', 'Basil', 'Garlic', 'Olive Oil']",13.99,High,False,3,salata
R001,Beverages,Coffee,['confidential'],2.29,Low,True,1,icecek
R001,Desserts,Fruit Tart,"['Chocolate', 'Butter', 'Sugar', 'Eggs']",11.73,Medium,False,2,tatli
R002,Appetizers,Spinach Artichoke Dip,"['Tomatoes', 'Basil', 'Garlic', 'Olive Oil']",8.34,Medium,False,2,ana_yemek
R002,Appetizers,Stuffed Mushrooms,"['Tomatoes', 'Basil', 'Garlic', 'Olive Oil']",8.32,Medium,False,2,ana_yemek
R003,Main Course,Grilled Steak,"['Chicken', 'Fettuccine', 'Alfredo Sauce', 'Parmesan']",29.0,High,False,3,ana_yemek
R001,Beverages,Soda,['confidential'],4.05,Medium,True,2,icecek
R003,Main Course,Chicken Alfredo,"['Chicken', 'Fettuccine', 'Alfredo Sauce', 'Parmesan']",28.01,Medium,False,2,ana_yemek
R003,Beverages,Coffee,['confidential'],4.03,High,True,3,icecek
R003,Beverages,Soda,['confidential'],3.37,Medium,True,2,icecek
R003,Desserts,Chocolate Lava Cake,"['Chocolate', 'Butter', 'Sugar', 'Eggs']",16.26,High,False,3,tatli
R001,Appetizers,Stuffed Mushrooms,"['Tomatoes', 'Basil', 'Garlic', 'Olive Oil']",14.34,High,False,3,ana_yemek
R001,Appetizers,Stuffed Mushrooms,"['Tomatoes', 'Basil', 'Garlic', 'Olive Oil']",8.71,Medium,False,2,ana_yemek
R002,Appetizers,Spinach Artichoke Dip,"['Tomatoes', 'Basil', 'Garlic', 'Olive Oil']",12.33,Low,False,1,ana_yemek
R003,Appetizers,Caprese Salad,"['Tomatoes', 'Basil', 'Garlic', 'Olive Oil']",10.23,Medium,False,2,salata
R002,Main Course,Grilled Steak,"['Chicken', 'Fettuccine', 'Alfredo Sauce', 'Parmesan']",20.11,High,False,3,ana_yemek
R003,Appetizers,Spinach Artichoke Dip,"['Tomatoes', 'Basil', 'Garlic', 'Olive Oil']",8.83,Medium,False,2,ana_yemek
R001,Main Course,Chicken Alfredo,"['Chicken', 'Fettuccine', 'Alfredo Sauce', 'Parmesan']",29.05,High,False,3,ana_yemek
R001,Appetizers,Bruschetta,"['Tomatoes', 'Basil', 'Garlic', 'Olive Oil']",9.97,Medium,False,2,ana_yemek
R002,Appetizers,Bruschetta,"['Tomatoes', 'Basil', 'Garlic', 'Olive Oil']",11.98,Medium,False,2,ana_yemek
R003,Appetizers,Spinach Artichoke Dip,"['Tomatoes', 'Basil', 'Garlic', 'Olive Oil']",10.89,Medium,False,2,ana_yemek
R002,Appetizers,Spinach Artichoke Dip,"['Tomatoes', 'Basil', 'Garlic', 'Olive Oil']",12.06,Low,False,1,ana_yemek
R003,Main Course,Vegetable Stir-Fry,"['Chicken', 'Fettuccine', 'Alfredo Sauce', 'Parmesan']",27.88,High,False,3,ana_yemek
R001,Desserts,Chocolate Lava Cake,"['Chocolate', 'Butter', 'Sugar', 'Eggs']",17.4,High,False,3,tatli
R003,Appetizers,Caprese Salad,"['Tomatoes', 'Basil', 'Garlic', 'Olive Oil']",14.32,High,False,3,salata
R002,Beverages,Coffee,['confidential'],3.17,Medium,True,2,icecek
R001,Desserts,New York Cheesecake,"['Chocolate', 'Butter', 'Sugar', 'Eggs']",13.89,Medium,False,2,tatli
R001,Appetizers,Spinach Artichoke Dip,"['Tomatoes', 'Basil', 'Garlic', 'Olive Oil']",8.64,Medium,False,2,ana_yemek
R003,Beverages,Iced Tea,['confidential'],4.03,Medium,True,2,icecek
R003,Main Course,Shrimp Scampi,"['Chicken', 'Fettuccine', 'Alfredo Sauce', 'Parmesan']",16.25,Medium,False,2,ana_yemek
R001,Desserts,Fruit Tart,"['Chocolate', 'Butter', 'Sugar', 'Eggs']",13.29,Medium,False,2,tatli
R003,Appetizers,Stuffed Mushrooms,"['Tomatoes', 'Basil', 'Garlic', 'Olive Oil']",14.62,High,False,3,ana_yemek
R001,Desserts,Chocolate Lava Cake,"['Chocolate', 'Butter', 'Sugar', 'Eggs']",19.31,High,False,3,tatli
R002,Desserts,Tiramisu,"['Chocolate', 'Butter', 'Sugar', 'Eggs']",15.5,High,False,3,tatli
R001,Desserts,New York Cheesecake,"['Chocolate', 'Butter', 'Sugar', 'Eggs']",15.46,High,False,3,tatli
R003,Main Course,Shrimp Scampi,"['Chicken', 'Fettuccine', 'Alfredo Sauce', 'Parmesan']",17.14,Medium,False,2,ana_yemek
R002,Main Course,Vegetable Stir-Fry,"['Chicken', 'Fettuccine', 'Alfredo Sauce', 'Parmesan']",28.0,High,False,3,ana_yemek
R002,Desserts,Tiramisu,"['Chocolate', 'Butter', 'Sugar', 'Eggs']",17.01,High,False,3,tatli
R002,Appetizers,Caprese Salad,"['Tomatoes', 'Basil', 'Garlic', 'Olive Oil']",14.24,High,False,3,salata
R002,Appetizers,Bruschetta,"['Tomatoes', 'Basil', 'Garlic', 'Olive Oil']",8.59,Medium,False,2,ana_yemek
R003,Beverages,Coffee,['confidential'],4.59,Medium,True,2,icecek
R002,Beverages,Soda,['confidential'],4.84,Medium,True,2,icecek
R001,Appetizers,Stuffed Mushrooms,"['Tomatoes', 'Basil', 'Garlic', 'Olive Oil']",10.45,Medium,False,2,ana_yemek
R003,Desserts,Chocolate Lava Cake,"['Chocolate', 'Butter', 'Sugar', 'Eggs']",13.78,Medium,False,2,tatli
R003,Desserts,Tiramisu,"['Chocolate', 'Butter', 'Sugar', 'Eggs']",19.06,High,False,3,tatli
R003,Main Course,Shrimp Scampi,"['Chicken', 'Fettuccine', 'Alfredo Sauce', 'Parmesan']",18.81,Medium,False,2,ana_yemek
R002,Beverages,Iced Tea,['confidential'],2.17,Low,True,1,icecek
R001,Desserts,Chocolate Lava Cake,"['Chocolate', 'Butter', 'Sugar', 'Eggs']",17.44,High,False,3,tatli
R003,Appetizers,Stuffed Mushrooms,"['Tomatoes', 'Basil', 'Garlic', 'Olive Oil']",14.74,High,False,3,ana_yemek
R003,Beverages,Soda,['confidential'],2.25,Medium,True,2,icecek
R001,Main Course,Chicken Alfredo,"['Chicken', 'Fettuccine', 'Alfredo Sauce', 'Parmesan']",29.45,High,False,3,ana_yemek
R001,Beverages,Soda,['confidential'],2.13,Low,True,1,icecek
R001,Beverages,Iced Tea,['confidential'],4.77,Medium,True,2,icecek
R001,Beverages,Lemonade,['confidential'],4.09,Medium,True,2,icecek
R001,Main Course,Shrimp Scampi,"['Chicken', 'Fettuccine', 'Alfredo Sauce', 'Parmesan']",24.44,High,False,3,ana_yemek
R002,Desserts,New York Cheesecake,"['Chocolate', 'Butter', 'Sugar', 'Eggs']",19.96,High,False,3,tatli
R002,Main Course,Shrimp Scampi,"['Chicken', 'Fettuccine', 'Alfredo Sauce', 'Parmesan']",28.52,High,False,3,ana_yemek
R001,Desserts,Fruit Tart,"['Chocolate', 'Butter', 'Sugar', 'Eggs']",19.59,High,False,3,tatli
R002,Beverages,Coffee,['confidential'],3.86,Medium,True,2,icecek
R002,Beverages,Coffee,['confidential'],3.39,Medium,True,2,icecek
R002,Beverages,Iced Tea,['confidential'],2.8,Low,True,1,icecek
R001,Appetizers,Stuffed Mushrooms,"['Tomatoes', 'Basil', 'Garlic', 'Olive Oil']",14.9,High,False,3,ana_yemek
R002,Desserts,Chocolate Lava Cake,"['Chocolate', 'Butter', 'Sugar', 'Eggs']",12.8,Medium,False,2,tatli
R001,Appetizers,Caprese Salad,"['Tomatoes', 'Basil', 'Garlic', 'Olive Oil']",8.53,Medium,False,2,salata
R002,Main Course,Shrimp Scampi,"['Chicken', 'Fettuccine', 'Alfredo Sauce', 'Parmesan']",25.89,High,False,3,ana_yemek
R003,Appetizers,Caprese Salad,"['Tomatoes', 'Basil', 'Garlic', 'Olive Oil']",8.58,Medium,False,2,salata
R002,Main Course,Shrimp Scampi,"['Chicken', 'Fettuccine', 'Alfredo Sauce', 'Parmesan']",15.68,Medium,False,2,ana_yemek
R003,Beverages,Soda,['confidential'],4.33,Medium,True,2,icecek
R002,Beverages,Lemonade,['confidential'],2.45,Low,True,1,icecek
R001,Main Course,Shrimp Scampi,"['Chicken', 'Fettuccine', 'Alfredo Sauce', 'Parmesan']",20.89,High,False,3,ana_yemek
R003,Desserts,Chocolate Lava Cake,"['Chocolate', 'Butter', 'Sugar', 'Eggs']",18.38,High,False,3,tatli
R002,Appetizers,Spinach Artichoke Dip,"['Tomatoes', 'Basil', 'Garlic', 'Olive Oil']",8.94,Medium,False,2,ana_yemek
R001,Beverages,Lemonade,['confidential'],4.59,Medium,True,2,icecek
R001,Appetizers,Spinach Artichoke Dip,"['Tomatoes', 'Basil', 'Garlic', 'Olive Oil']",13.25,High,False,3,ana_yemek
R003,Appetizers,Spinach Artichoke Dip,"['Tomatoes', 'Basil', 'Garlic', 'Olive Oil']",13.38,High,False,3,ana_yemek
R001,Main Course,Grilled Steak,"['Chicken', 'Fettuccine', 'Alfredo Sauce', 'Parmesan']",20.67,High,False,3,ana_yemek
R001,Main Course,Chicken Alfredo,"['Chicken', 'Fettuccine', 'Alfredo Sauce', 'Parmesan']",16.94,Low,False,1,ana_yemek
R003,Appetizers,Bruschetta,"['Tomatoes', 'Basil', 'Garlic', 'Olive Oil']",9.45,Medium,False,2,ana_yemek
R001,Appetizers,Stuffed Mushrooms,"['Tomatoes', 'Basil', 'Garlic', 'Olive Oil']",12.33,High,False,3,ana_yemek
R003,Beverages,Lemonade,['confidential'],4.01,Medium,True,2,icecek
R002,Main Course,Grilled Steak,"['Chicken', 'Fettuccine', 'Alfredo Sauce', 'Parmesan']",27.47,High,False,3,ana_yemek
R002,Beverages,Soda,['confidential'],3.66,Medium,True,2,icecek
R001,Main Course,Grilled Steak,"['Chicken', 'Fettuccine', 'Alfredo Sauce', 'Parmesan']",26.88,High,False,3,ana_yemek
R001,Beverages,Lemonade,['confidential'],2.09,Low,True,1,icecek
R003,Appetizers,Bruschetta,"['Tomatoes', 'Basil', 'Garlic', 'Olive Oil']",12.48,High,False,3,ana_yemek
R003,Desserts,New York Cheesecake,"['Chocolate', 'Butter', 'Sugar', 'Eggs']",11.36,Medium,False,2,tatli
R002,Main Course,Grilled Steak,"['Chicken', 'Fettuccine', 'Alfredo Sauce', 'Parmesan']",23.85,High,False,3,ana_yemek
R002,Desserts,New York Cheesecake,"['Chocolate', 'Butter', 'Sugar', 'Eggs']",10.91,Medium,False,2,tatli
R002,Beverages,Soda,['confidential'],3.54,Medium,True,2,icecek
R003,Beverages,Iced Tea,['confidential'],3.87,Medium,True,2,icecek
R003,Appetizers,Bruschetta,"['Tomatoes', 'Basil', 'Garlic', 'Olive Oil']",13.58,High,False,3,ana_yemek
R002,Beverages,Soda,['confidential'],3.48,Medium,True,2,icecek
R001,Main Course,Grilled Steak,"['Chicken', 'Fettuccine', 'Alfredo Sauce', 'Parmesan']",22.39,High,False,3,ana_yemek
R001,Main Course,Shrimp Scampi,"['Chicken', 'Fettuccine', 'Alfredo Sauce', 'Parmesan']",23.69,Low,False,1,ana_yemek
R003,Desserts,New York Cheesecake,"['Chocolate', 'Butter', 'Sugar', 'Eggs']",11.29,Medium,False,2,tatli
R003,Beverages,Lemonade,['confidential'],3.2,Medium,True,2,icecek
R001,Desserts,Fruit Tart,"['Chocolate', 'Butter', 'Sugar', 'Eggs']",14.74,Medium,False,2,tatli
R001,Beverages,Iced Tea,['confidential'],3.81,Medium,True,2,icecek
R003,Desserts,Chocolate Lava Cake,"['Chocolate', 'Butter', 'Sugar', 'Eggs']",11.69,Medium,False,2,tatli
R002,Appetizers,Caprese Salad,"['Tomatoes', 'Basil', 'Garlic', 'Olive Oil']",8.62,Medium,False,2,salata
R001,Appetizers,Bruschetta,"['Tomatoes', 'Basil', 'Garlic', 'Olive Oil']",10.49,Medium,False,2,ana_yemek
R002,Main Course,Chicken Alfredo,"['Chicken', 'Fettuccine', 'Alfredo Sauce', 'Parmesan']",22.55,High,False,3,ana_yemek
R001,Desserts,Chocolate Lava Cake,"['Chocolate', 'Butter', 'Sugar', 'Eggs']",10.92,Medium,False,2,tatli
R003,Appetizers,Caprese Salad,"['Tomatoes', 'Basil', 'Garlic', 'Olive Oil']",8.57,Medium,False,2,salata
R002,Desserts,New York Cheesecake,"['Chocolate', 'Butter', 'Sugar', 'Eggs']",13.77,Medium,False,2,tatli
R001,Main Course,Vegetable Stir-Fry,"['Chicken', 'Fettuccine', 'Alfredo Sauce', 'Parmesan']",27.09,High,False,3,ana_yemek
R001,Desserts,Chocolate Lava Cake,"['Chocolate', 'Butter', 'Sugar', 'Eggs']",19.86,High,False,3,tatli
R003,Desserts,Fruit Tart,"['Chocolate', 'Butter', 'Sugar', 'Eggs']",14.85,Medium,False,2,tatli
R002,Beverages,Lemonade,['confidential'],3.59,High,True,3,icecek
R002,Appetizers,Caprese Salad,"['Tomatoes', 'Basil', 'Garlic', 'Olive Oil']",8.26,Medium,False,2,salata
R003,Desserts,New York Cheesecake,"['Chocolate', 'Butter', 'Sugar', 'Eggs']",18.95,High,False,3,tatli
R002,Desserts,New York Cheesecake,"['Chocolate', 'Butter', 'Sugar', 'Eggs']",10.3,Medium,False,2,tatli
R002,Main Course,Grilled Steak,"['Chicken', 'Fettuccine', 'Alfredo Sauce', 'Parmesan']",22.99,Low,False,1,ana_yemek
R003,Beverages,Soda,['confidential'],4.21,Medium,True,2,icecek
R002,Desserts,Chocolate Lava Cake,"['Chocolate', 'Butter', 'Sugar', 'Eggs']",18.41,High,False,3,tatli
R002,Main Course,Grilled Steak,"['Chicken', 'Fettuccine', 'Alfredo Sauce', 'Parmesan']",16.8,Medium,False,2,ana_yemek
R001,Appetizers,Stuffed Mushrooms,"['Tomatoes', 'Basil', 'Garlic', 'Olive Oil']",11.32,Medium,False,2,ana_yemek
R002,Desserts,Chocolate Lava Cake,"['Chocolate', 'Butter', 'Sugar', 'Eggs']",14.98,Medium,False,2,tatli
R003,Beverages,Lemonade,['confidential'],4.21,Medium,True,2,icecek
R003,Beverages,Coffee,['confidential'],3.29,Medium,True,2,icecek
R003,Main Course,Chicken Alfredo,"['Chicken', 'Fettuccine', 'Alfredo Sauce', 'Parmesan']",20.06,High,False,3,ana_yemek
R003,Appetizers,Caprese Salad,"['Tomatoes', 'Basil', 'Garlic', 'Olive Oil']",12.24,Low,False,1,salata
R001,Appetizers,Caprese Salad,"['Tomatoes', 'Basil', 'Garlic', 'Olive Oil']",9.58,Medium,False,2,salata
R002,Desserts,Fruit Tart,"['Chocolate', 'Butter', 'Sugar', 'Eggs']",11.61,Medium,False,2,tatli
R003,Main Course,Grilled Steak,"['Chicken', 'Fettuccine', 'Alfredo Sauce', 'Parmesan']",27.09,High,False,3,ana_yemek
R003,Appetizers,Spinach Artichoke Dip,"['Tomatoes', 'Basil', 'Garlic', 'Olive Oil']",8.36,Medium,False,2,ana_yemek
R003,Beverages,Soda,['confidential'],4.95,Low,True,1,icecek
R003,Main Course,Grilled Steak,"['Chicken', 'Fettuccine', 'Alfredo Sauce', 'Parmesan']",23.64,High,False,3,ana_yemek
R003,Beverages,Lemonade,['confidential'],4.45,Medium,True,2,icecek
R001,Main Course,Vegetable Stir-Fry,"['Chicken', 'Fettuccine', 'Alfredo Sauce', 'Parmesan']",25.84,High,False,3,ana_yemek
R002,Appetizers,Caprese Salad,"['Tomatoes', 'Basil', 'Garlic', 'Olive Oil']",11.9,Medium,False,2,salata
R002,Desserts,Chocolate Lava Cake,"['Chocolate', 'Butter', 'Sugar', 'Eggs']",17.69,High,False,3,tatli
R002,Main Course,Grilled Steak,"['Chicken', 'Fettuccine', 'Alfredo Sauce', 'Parmesan']",25.66,High,False,3,ana_yemek
R001,Beverages,Soda,['confidential'],3.59,Medium,True,2,icecek
R001,Main Course,Grilled Steak,"['Chicken', 'Fettuccine', 'Alfredo Sauce', 'Parmesan']",19.33,Medium,False,2,ana_yemek
R001,Main Course,Shrimp Scampi,"['Chicken', 'Fettuccine', 'Alfredo Sauce', 'Parmesan']",28.98,High,False,3,ana_yemek
R001,Desserts,New York Cheesecake,"['Chocolate', 'Butter', 'Sugar', 'Eggs']",10.52,Low,False,1,tatli
R002,Beverages,Iced Tea,['confidential'],2.97,Low,True,1,icecek
R002,Beverages,Soda,['confidential'],2.42,Low,True,1,icecek
R001,Appetizers,Bruschetta,"['Tomatoes', 'Basil', 'Garlic', 'Olive Oil']",12.17,High,False,3,ana_yemek
R002,Desserts,New York Cheesecake,"['Chocolate', 'Butter', 'Sugar', 'Eggs']",13.49,Medium,False,2,tatli
R001,Appetizers,Caprese Salad,"['Tomatoes', 'Basil', 'Garlic', 'Olive Oil']",13.22,High,False,3,salata
R002,Main Course,Chicken Alfredo,"['Chicken', 'Fettuccine', 'Alfredo Sauce', 'Parmesan']",25.96,High,False,3,ana_yemek
R001,Main Course,Vegetable Stir-Fry,"['Chicken', 'Fettuccine', 'Alfredo Sauce', 'Parmesan']",20.69,High,False,3,ana_yemek
R001,Beverages,Coffee,['confidential'],3.72,Medium,True,2,icecek
R001,Beverages,Lemonade,['confidential'],4.39,Medium,True,2,icecek
R002,Beverages,Iced Tea,['confidential'],4.48,Medium,True,2,icecek
R001,Appetizers,Spinach Artichoke Dip,"['Tomatoes', 'Basil', 'Garlic', 'Olive Oil']",12.66,High,False,3,ana_yemek
R002,Main Course,Vegetable Stir-Fry,"['Chicken', 'Fettuccine', 'Alfredo Sauce', 'Parmesan']",19.74,Medium,False,2,ana_yemek
R002,Appetizers,Caprese Salad,"['Tomatoes', 'Basil', 'Garlic', 'Olive Oil']",13.72,High,False,3,salata
R003,Beverages,Iced Tea,['confidential'],4.7,Low,True,1,icecek
R001,Main Course,Chicken Alfredo,"['Chicken', 'Fettuccine', 'Alfredo Sauce', 'Parmesan']",26.21,High,False,3,ana_yemek
R003,Appetizers,Bruschetta,"['Tomatoes', 'Basil', 'Garlic', 'Olive Oil']",10.49,Medium,False,2,ana_yemek
R003,Desserts,Tiramisu,"['Chocolate', 'Butter', 'Sugar', 'Eggs']",15.44,High,False,3,tatli
R003,Desserts,New York Cheesecake,"['Chocolate', 'Butter', 'Sugar', 'Eggs']",14.32,Medium,False,2,tatli
R003,Desserts,New York Cheesecake,"['Chocolate', 'Butter', 'Sugar', 'Eggs']",13.35,High,False,3,tatli
R003,Desserts,Chocolate Lava Cake,"['Chocolate', 'Butter', 'Sugar', 'Eggs']",14.95,Medium,False,2,tatli
R002,Desserts,New York Cheesecake,"['Chocolate', 'Butter', 'Sugar', 'Eggs']",17.89,High,False,3,tatli
R002,Appetizers,Bruschetta,"['Tomatoes', 'Basil', 'Garlic', 'Olive Oil']",12.95,High,False,3,ana_yemek
R003,Desserts,Chocolate Lava Cake,"['Chocolate', 'Butter', 'Sugar', 'Eggs']",10.34,High,False,3,tatli
R002,Main Course,Grilled Steak,"['Chicken', 'Fettuccine', 'Alfredo Sauce', 'Parmesan']",22.41,Medium,False,2,ana_yemek
R002,Appetizers,Caprese Salad,"['Tomatoes', 'Basil', 'Garlic', 'Olive Oil']",13.75,High,False,3,salata
R003,Desserts,Fruit Tart,"['Chocolate', 'Butter', 'Sugar', 'Eggs']",14.57,Medium,False,2,tatli
R003,Appetizers,Stuffed Mushrooms,"['Tomatoes', 'Basil', 'Garlic', 'Olive Oil']",9.05,Medium,False,2,ana_yemek
R003,Beverages,Coffee,['confidential'],4.32,Medium,True,2,icecek
R003,Desserts,New York Cheesecake,"['Chocolate', 'Butter', 'Sugar', 'Eggs']",16.94,High,False,3,tatli
R002,Desserts,New York Cheesecake,"['Chocolate', 'Butter', 'Sugar', 'Eggs']",13.46,Medium,False,2,tatli
R003,Main Course,Grilled Steak,"['Chicken', 'Fettuccine', 'Alfredo Sauce', 'Parmesan']",20.14,High,False,3,ana_yemek
R002,Beverages,Lemonade,['confidential'],3.39,Medium,True,2,icecek
R002,Desserts,Fruit Tart,"['Chocolate', 'Butter', 'Sugar', 'Eggs']",19.12,High,False,3,tatli
R002,Main Course,Chicken Alfredo,"['Chicken', 'Fettuccine', 'Alfredo Sauce', 'Parmesan']",18.84,Medium,False,2,ana_yemek
R003,Beverages,Coffee,['confidential'],3.7,Medium,True,2,icecek
R001,Beverages,Soda,['confidential'],4.12,Medium,True,2,icecek
R002,Appetizers,Stuffed Mushrooms,"['Tomatoes', 'Basil', 'Garlic', 'Olive Oil']",10.62,Medium,False,2,ana_yemek
R001,Main Course,Shrimp Scampi,"['Chicken', 'Fettuccine', 'Alfredo Sauce', 'Parmesan']",26.05,High,False,3,ana_yemek
R001,Main Course,Shrimp Scampi,"['Chicken', 'Fettuccine', 'Alfredo Sauce', 'Parmesan']",21.76,High,False,3,ana_yemek
R002,Appetizers,Bruschetta,"['Tomatoes', 'Basil', 'Garlic', 'Olive Oil']",9.16,Medium,False,2,ana_yemek
R002,Desserts,Chocolate Lava Cake,"['Chocolate', 'Butter', 'Sugar', 'Eggs']",13.32,Medium,False,2,tatli
R002,Desserts,New York Cheesecake,"['Chocolate', 'Butter', 'Sugar', 'Eggs']",15.91,High,False,3,tatli
R002,Beverages,Soda,['confidential'],2.01,Low,True,1,icecek
R001,Desserts,New York Cheesecake,"['Chocolate', 'Butter', 'Sugar', 'Eggs']",14.15,Medium,False,2,tatli
R002,Desserts,Tiramisu,"['Chocolate', 'Butter', 'Sugar', 'Eggs']",13.46,Medium,False,2,tatli
R002,Desserts,Tiramisu,"['Chocolate', 'Butter', 'Sugar', 'Eggs']",19.18,High,False,3,tatli
R003,Desserts,Fruit Tart,"['Chocolate', 'Butter', 'Sugar', 'Eggs']",19.13,High,False,3,tatli
R002,Beverages,Soda,['confidential'],3.5,Medium,True,2,icecek
R002,Appetizers,Stuffed Mushrooms,"['Tomatoes', 'Basil', 'Garlic', 'Olive Oil']",10.18,Medium,False,2,ana_yemek
R001,Desserts,New York Cheesecake,"['Chocolate', 'Butter', 'Sugar', 'Eggs']",16.32,High,False,3,tatli
R002,Appetizers,Bruschetta,"['Tomatoes', 'Basil', 'Garlic', 'Olive Oil']",9.25,Medium,False,2,ana_yemek
R001,Appetizers,Stuffed Mushrooms,"['Tomatoes', 'Basil', 'Garlic', 'Olive Oil']",10.9,Medium,False,2,ana_yemek
R003,Appetizers,Stuffed Mushrooms,"['Tomatoes', 'Basil', 'Garlic', 'Olive Oil']",11.52,Medium,False,2,ana_yemek
R001,Beverages,Soda,['confidential'],3.19,Medium,True,2,icecek
R003,Desserts,Fruit Tart,"['Chocolate', 'Butter', 'Sugar', 'Eggs']",18.98,High,False,3,tatli
R002,Appetizers,Bruschetta,"['Tomatoes', 'Basil', 'Garlic', 'Olive Oil']",8.26,Medium,False,2,ana_yemek
R002,Beverages,Coffee,['confidential'],3.76,High,True,3,icecek
R001,Main Course,Shrimp Scampi,"['Chicken', 'Fettuccine', 'Alfredo Sauce', 'Parmesan']",21.8,Medium,False,2,ana_yemek
R002,Main Course,Vegetable Stir-Fry,"['Chicken', 'Fettuccine', 'Alfredo Sauce', 'Parmesan']",22.22,High,False,3,ana_yemek
R002,Main Course,Shrimp Scampi,"['Chicken', 'Fettuccine', 'Alfredo Sauce', 'Parmesan']",17.33,Medium,False,2,ana_yemek
R001,Beverages,Soda,['confidential'],2.23,Low,True,1,icecek
R003,Beverages,Iced Tea,['confidential'],2.81,Low,True,1,icecek
R002,Main Course,Vegetable Stir-Fry,"['Chicken', 'Fettuccine', 'Alfredo Sauce', 'Parmesan']",27.01,High,False,3,ana_yemek
R003,Beverages,Coffee,['confidential'],4.15,Medium,True,2,icecek
R001,Beverages,Soda,['confidential'],3.66,Medium,True,2,icecek
R003,Beverages,Lemonade,['confidential'],4.02,Medium,True,2,icecek
R001,Beverages,Iced Tea,['confidential'],3.02,Medium,True,2,icecek
R001,Desserts,New York Cheesecake,"['Chocolate', 'Butter', 'Sugar', 'Eggs']",16.53,High,False,3,tatli
R003,Beverages,Iced Tea,['confidential'],4.42,Medium,True,2,icecek
R002,Beverages,Coffee,['confidential'],4.42,Medium,True,2,icecek
R001,Main Course,Chicken Alfredo,"['Chicken', 'Fettuccine', 'Alfredo Sauce', 'Parmesan']",21.1,High,False,3,ana_yemek
R003,Beverages,Iced Tea,['confidential'],2.04,High,True,3,icecek
R003,Appetizers,Spinach Artichoke Dip,"['Tomatoes', 'Basil', 'Garlic', 'Olive Oil']",13.94,High,False,3,ana_yemek
R001,Desserts,Fruit Tart,"['Chocolate', 'Butter', 'Sugar', 'Eggs']",16.43,High,False,3,tatli
R002,Main Course,Chicken Alfredo,"['Chicken', 'Fettuccine', 'Alfredo Sauce', 'Parmesan']",27.26,High,False,3,ana_yemek
R003,Main Course,Shrimp Scampi,"['Chicken', 'Fettuccine', 'Alfredo Sauce', 'Parmesan']",20.7,High,False,3,ana_yemek
R003,Desserts,Fruit Tart,"['Chocolate', 'Butter', 'Sugar', 'Eggs']",18.31,High,False,3,tatli
R001,Main Course,Vegetable Stir-Fry,"['Chicken', 'Fettuccine', 'Alfredo Sauce', 'Parmesan']",23.28,High,False,3,ana_yemek
R002,Appetizers,Stuffed Mushrooms,"['Tomatoes', 'Basil', 'Garlic', 'Olive Oil']",9.54,Medium,False,2,ana_yemek
R002,Main Course,Vegetable Stir-Fry,"['Chicken', 'Fettuccine', 'Alfredo Sauce', 'Parmesan']",17.1,Medium,False,2,ana_yemek
R002,Main Course,Vegetable Stir-Fry,"['Chicken', 'Fettuccine', 'Alfredo Sauce', 'Parmesan']",29.78,High,False,3,ana_yemek
R003,Beverages,Coffee,['confidential'],3.28,Medium,True,2,icecek
R003,Appetizers,Caprese Salad,"['Tomatoes', 'Basil', 'Garlic', 'Olive Oil']",13.19,High,False,3,salata
R002,Appetizers,Bruschetta,"['Tomatoes', 'Basil', 'Garlic', 'Olive Oil']",9.81,Medium,False,2,ana_yemek
R002,Main Course,Shrimp Scampi,"['Chicken', 'Fettuccine', 'Alfredo Sauce', 'Parmesan']",21.33,High,False,3,ana_yemek
R002,Main Course,Chicken Alfredo,"['Chicken', 'Fettuccine', 'Alfredo Sauce', 'Parmesan']",17.58,Medium,False,2,ana_yemek
R003,Appetizers,Spinach Artichoke Dip,"['Tomatoes', 'Basil', 'Garlic', 'Olive Oil']",13.76,High,False,3,ana_yemek
R001,Main Course,Vegetable Stir-Fry,"['Chicken', 'Fettuccine', 'Alfredo Sauce', 'Parmesan']",22.47,Low,False,1,ana_yemek
R002,Appetizers,Bruschetta,"['Tomatoes', 'Basil', 'Garlic', 'Olive Oil']",12.56,High,False,3,ana_yemek
R002,Beverages,Lemonade,['confidential'],2.32,High,True,3,icecek
R002,Appetizers,Spinach Artichoke Dip,"['Tomatoes', 'Basil', 'Garlic', 'Olive Oil']",14.3,High,False,3,ana_yemek
R002,Desserts,Fruit Tart,"['Chocolate', 'Butter', 'Sugar', 'Eggs']",12.51,Medium,False,2,tatli
R001,Appetizers,Bruschetta,"['Tomatoes', 'Basil', 'Garlic', 'Olive Oil']",9.23,Medium,False,2,ana_yemek
R001,Appetizers,Caprese Salad,"['Tomatoes', 'Basil', 'Garlic', 'Olive Oil']",10.83,Medium,False,2,salata
R002,Main Course,Grilled Steak,"['Chicken', 'Fettuccine', 'Alfredo Sauce', 'Parmesan']",15.7,Medium,False,2,ana_yemek
R002,Desserts,Chocolate Lava Cake,"['Chocolate', 'Butter', 'Sugar', 'Eggs']",10.83,Medium,False,2,tatli
R003,Main Course,Chicken Alfredo,"['Chicken', 'Fettuccine', 'Alfredo Sauce', 'Parmesan']",20.84,High,False,3,ana_yemek
R003,Beverages,Coffee,['confidential'],4.16,Medium,True,2,icecek
R003,Beverages,Lemonade,['confidential'],4.85,Medium,True,2,icecek
R003,Desserts,Fruit Tart,"['Chocolate', 'Butter', 'Sugar', 'Eggs']",19.37,High,False,3,tatli
R003,Beverages,Lemonade,['confidential'],3.79,High,True,3,icecek
R003,Appetizers,Caprese Salad,"['Tomatoes', 'Basil', 'Garlic', 'Olive Oil']",14.69,High,False,3,salata
R003,Main Course,Chicken Alfredo,"['Chicken', 'Fettuccine', 'Alfredo Sauce', 'Parmesan']",26.56,High,False,3,ana_yemek
R001,Appetizers,Bruschetta,"['Tomatoes', 'Basil', 'Garlic', 'Olive Oil']",10.46,Medium,False,2,ana_yemek
R001,Appetizers,Bruschetta,"['Tomatoes', 'Basil', 'Garlic', 'Olive Oil']",12.82,High,False,3,ana_yemek
R002,Appetizers,Spinach Artichoke Dip,"['Tomatoes', 'Basil', 'Garlic', 'Olive Oil']",8.53,Medium,False,2,ana_yemek
R002,Appetizers,Stuffed Mushrooms,"['Tomatoes', 'Basil', 'Garlic', 'Olive Oil']",12.86,High,False,3,ana_yemek
R002,Main Course,Grilled Steak,"['Chicken', 'Fettuccine', 'Alfredo Sauce', 'Parmesan']",16.55,Medium,False,2,ana_yemek
R001,Beverages,Lemonade,['confidential'],4.75,Medium,True,2,icecek
R001,Appetizers,Caprese Salad,"['Tomatoes', 'Basil', 'Garlic', 'Olive Oil']",12.83,High,False,3,salata
R001,Desserts,Fruit Tart,"['Chocolate', 'Butter', 'Sugar', 'Eggs']",15.42,High,False,3,tatli
R003,Beverages,Lemonade,['confidential'],4.42,Medium,True,2,icecek
R003,Appetizers,Caprese Salad,"['Tomatoes', 'Basil', 'Garlic', 'Olive Oil']",12.46,Low,False,1,salata
R001,Main Course,Chicken Alfredo,"['Chicken', 'Fettuccine', 'Alfredo Sauce', 'Parmesan']",24.7,High,False,3,ana_yemek
R003,Main Course,Chicken Alfredo,"['Chicken', 'Fettuccine', 'Alfredo Sauce', 'Parmesan']",29.16,High,False,3,ana_yemek
R003,Beverages,Iced Tea,['confidential'],3.76,Medium,True,2,icecek
R001,Desserts,Tiramisu,"['Chocolate', 'Butter', 'Sugar', 'Eggs']",15.68,High,False,3,tatli
R002,Desserts,Tiramisu,"['Chocolate', 'Butter', 'Sugar', 'Eggs']",11.21,Medium,False,2,tatli
R003,Appetizers,Spinach Artichoke Dip,"['Tomatoes', 'Basil', 'Garlic', 'Olive Oil']",14.47,High,False,3,ana_yemek
R002,Desserts,New York Cheesecake,"['Chocolate', 'Butter', 'Sugar', 'Eggs']",17.95,High,False,3,tatli
R003,Main Course,Vegetable Stir-Fry,"['Chicken', 'Fettuccine', 'Alfredo Sauce', 'Parmesan']",27.67,High,False,3,ana_yemek
R002,Desserts,Tiramisu,"['Chocolate', 'Butter', 'Sugar', 'Eggs']",16.45,High,False,3,tatli
R002,Desserts,Fruit Tart,"['Chocolate', 'Butter', 'Sugar', 'Eggs']",12.3,Medium,False,2,tatli
R001,Main Course,Shrimp Scampi,"['Chicken', 'Fettuccine', 'Alfredo Sauce', 'Parmesan']",25.44,High,False,3,ana_yemek
R002,Desserts,New York Cheesecake,"['Chocolate', 'Butter', 'Sugar', 'Eggs']",10.65,Medium,False,2,tatli
R003,Beverages,Soda,['confidential'],3.62,Medium,True,2,icecek
R002,Appetizers,Bruschetta,"['Tomatoes', 'Basil', 'Garlic', 'Olive Oil']",12.38,High,False,3,ana_yemek
R001,Main Course,Vegetable Stir-Fry,"['Chicken', 'Fettuccine', 'Alfredo Sauce', 'Parmesan']",18.49,Medium,False,2,ana_yemek
R003,Desserts,Tiramisu,"['Chocolate', 'Butter', 'Sugar', 'Eggs']",19.9,High,False,3,tatli
R003,Desserts,Chocolate Lava Cake,"['Chocolate', 'Butter', 'Sugar', 'Eggs']",15.29,High,False,3,tatli
R003,Desserts,New York Cheesecake,"['Chocolate', 'Butter', 'Sugar', 'Eggs']",10.09,Medium,False,2,tatli
R001,Main Course,Chicken Alfredo,"['Chicken', 'Fettuccine', 'Alfredo Sauce', 'Parmesan']",21.03,High,False,3,ana_yemek
R001,Beverages,Soda,['confidential'],3.74,Medium,True,2,icecek
R003,Appetizers,Caprese Salad,"['Tomatoes', 'Basil', 'Garlic', 'Olive Oil']",8.64,Medium,False,2,salata
R003,Desserts,Fruit Tart,"['Chocolate', 'Butter', 'Sugar', 'Eggs']",17.38,High,False,3,tatli
R002,Appetizers,Spinach Artichoke Dip,"['Tomatoes', 'Basil', 'Garlic', 'Olive Oil']",11.27,Medium,False,2,ana_yemek
R002,Main Course,Vegetable Stir-Fry,"['Chicken', 'Fettuccine', 'Alfredo Sauce', 'Parmesan']",25.73,High,False,3,ana_yemek
R001,Appetizers,Stuffed Mushrooms,"['Tomatoes', 'Basil', 'Garlic', 'Olive Oil']",8.13,Medium,False,2,ana_yemek
R002,Desserts,Chocolate Lava Cake,"['Chocolate', 'Butter', 'Sugar', 'Eggs']",11.09,Medium,False,2,tatli
R001,Beverages,Coffee,['confidential'],2.65,Low,True,1,icecek
R002,Desserts,Fruit Tart,"['Chocolate', 'Butter', 'Sugar', 'Eggs']",18.84,High,False,3,tatli
R003,Main Course,Chicken Alfredo,"['Chicken', 'Fettuccine', 'Alfredo Sauce', 'Parmesan']",29.84,High,False,3,ana_yemek
R003,Beverages,Coffee,['confidential'],2.7,Low,True,1,icecek
R001,Desserts,Tiramisu,"['Chocolate', 'Butter', 'Sugar', 'Eggs']",16.08,High,False,3,tatli
R001,Main Course,Grilled Steak,"['Chicken', 'Fettuccine', 'Alfredo Sauce', 'Parmesan']",15.7,Medium,False,2,ana_yemek
R001,Main Course,Chicken Alfredo,"['Chicken', 'Fettuccine', 'Alfredo Sauce', 'Parmesan']",17.8,Medium,False,2,ana_yemek
R003,Beverages,Iced Tea,['confidential'],4.4,Medium,True,2,icecek
R002,Desserts,New York Cheesecake,"['Chocolate', 'Butter', 'Sugar', 'Eggs']",18.84,Low,False,1,tatli
R003,Beverages,Iced Tea,['confidential'],3.58,Medium,True,2,icecek
R003,Main Course,Shrimp Scampi,"['Chicken', 'Fettuccine', 'Alfredo Sauce', 'Parmesan']",26.37,Low,False,1,ana_yemek
R002,Appetizers,Stuffed Mushrooms,"['Tomatoes', 'Basil', 'Garlic', 'Olive Oil']",14.28,High,False,3,ana_yemek
R003,Main Course,Chicken Alfredo,"['Chicken', 'Fettuccine', 'Alfredo Sauce', 'Parmesan']",18.36,Low,False,1,ana_yemek
R003,Appetizers,Bruschetta,"['Tomatoes', 'Basil', 'Garlic', 'Olive Oil']",14.26,High,False,3,ana_yemek
R001,Main Course,Shrimp Scampi,"['Chicken', 'Fettuccine', 'Alfredo Sauce', 'Parmesan']",28.16,High,False,3,ana_yemek
R003,Desserts,Fruit Tart,"['Chocolate', 'Butter', 'Sugar', 'Eggs']",14.77,Medium,False,2,tatli
R003,Appetizers,Caprese Salad,"['Tomatoes', 'Basil', 'Garlic', 'Olive Oil']",14.03,High,False,3,salata
R001,Desserts,Fruit Tart,"['Chocolate', 'Butter', 'Sugar', 'Eggs']",19.32,High,False,3,tatli
R003,Desserts,Tiramisu,"['Chocolate', 'Butter', 'Sugar', 'Eggs']",14.08,Medium,False,2,tatli
R003,Main Course,Vegetable Stir-Fry,"['Chicken', 'Fettuccine', 'Alfredo Sauce', 'Parmesan']",25.44,High,False,3,ana_yemek
R002,Main Course,Grilled Steak,"['Chicken', 'Fettuccine', 'Alfredo Sauce', 'Parmesan']",29.43,High,False,3,ana_yemek
R001,Beverages,Soda,['confidential'],4.97,Low,True,1,icecek
R002,Beverages,Soda,['confidential'],3.44,Medium,True,2,icecek
R001,Desserts,Tiramisu,"['Chocolate', 'Butter', 'Sugar', 'Eggs']",15.71,High,False,3,tatli
R002,Beverages,Lemonade,['confidential'],4.59,Medium,True,2,icecek
R001,Main Course,Vegetable Stir-Fry,"['Chicken', 'Fettuccine', 'Alfredo Sauce', 'Parmesan']",26.96,Low,False,1,ana_yemek
R001,Desserts,New York Cheesecake,"['Chocolate', 'Butter', 'Sugar', 'Eggs']",11.6,Medium,False,2,tatli
R001,Desserts,Chocolate Lava Cake,"['Chocolate', 'Butter', 'Sugar', 'Eggs']",16.97,High,False,3,tatli
R002,Beverages,Lemonade,['confidential'],4.1,Medium,True,2,icecek
R003,Appetizers,Spinach Artichoke Dip,"['Tomatoes', 'Basil', 'Garlic', 'Olive Oil']",14.73,High,False,3,ana_yemek
R001,Desserts,New York Cheesecake,"['Chocolate', 'Butter', 'Sugar', 'Eggs']",18.26,High,False,3,tatli
R002,Beverages,Lemonade,['confidential'],2.69,Low,True,1,icecek
R003,Desserts,Tiramisu,"['Chocolate', 'Butter', 'Sugar', 'Eggs']",18.18,High,False,3,tatli
R002,Beverages,Soda,['confidential'],3.85,Medium,True,2,icecek
R001,Appetizers,Bruschetta,"['Tomatoes', 'Basil', 'Garlic', 'Olive Oil']",8.81,Medium,False,2,ana_yemek
R002,Beverages,Coffee,['confidential'],3.62,Medium,True,2,icecek
R003,Beverages,Iced Tea,['confidential'],2.85,Low,True,1,icecek
R003,Main Course,Chicken Alfredo,"['Chicken', 'Fettuccine', 'Alfredo Sauce', 'Parmesan']",29.44,High,False,3,ana_yemek
R003,Beverages,Coffee,['confidential'],2.54,Low,True,1,icecek
R001,Appetizers,Caprese Salad,"['Tomatoes', 'Basil', 'Garlic', 'Olive Oil']",14.56,High,False,3,salata
R002,Beverages,Lemonade,['confidential'],2.5,Low,True,1,icecek
R002,Appetizers,Caprese Salad,"['Tomatoes', 'Basil', 'Garlic', 'Olive Oil']",11.32,Medium,False,2,salata
R002,Main Course,Vegetable Stir-Fry,"['Chicken', 'Fettuccine', 'Alfredo Sauce', 'Parmesan']",15.69,Medium,False,2,ana_yemek
R002,Main Course,Vegetable Stir-Fry,"['Chicken', 'Fettuccine', 'Alfredo Sauce', 'Parmesan']",25.14,High,False,3,ana_yemek
R003,Desserts,Fruit Tart,"['Chocolate', 'Butter', 'Sugar', 'Eggs']",17.58,High,False,3,tatli
R003,Appetizers,Spinach Artichoke Dip,"['Tomatoes', 'Basil', 'Garlic', 'Olive Oil']",13.75,High,False,3,ana_yemek
R003,Desserts,Fruit Tart,"['Chocolate', 'Butter', 'Sugar', 'Eggs']",17.7,High,False,3,tatli
R002,Desserts,Tiramisu,"['Chocolate', 'Butter', 'Sugar', 'Eggs']",11.59,Medium,False,2,tatli
R002,Appetizers,Stuffed Mushrooms,"['Tomatoes', 'Basil', 'Garlic', 'Olive Oil']",10.98,Medium,False,2,ana_yemek
R001,Appetizers,Spinach Artichoke Dip,"['Tomatoes', 'Basil', 'Garlic', 'Olive Oil']",11.69,Medium,False,2,ana_yemek
R001,Appetizers,Spinach Artichoke Dip,"['Tomatoes', 'Basil', 'Garlic', 'Olive Oil']",9.55,Medium,False,2,ana_yemek
R002,Desserts,Tiramisu,"['Chocolate', 'Butter', 'Sugar', 'Eggs']",12.3,Medium,False,2,tatli
R003,Desserts,New York Cheesecake,"['Chocolate', 'Butter', 'Sugar', 'Eggs']",19.51,High,False,3,tatli
R001,Appetizers,Spinach Artichoke Dip,"['Tomatoes', 'Basil', 'Garlic', 'Olive Oil']",10.94,Medium,False,2,ana_yemek
R003,Beverages,Iced Tea,['confidential'],4.28,Medium,True,2,icecek
R001,Desserts,New York Cheesecake,"['Chocolate', 'Butter', 'Sugar', 'Eggs']",14.09,Medium,False,2,tatli
R002,Desserts,Tiramisu,"['Chocolate', 'Butter', 'Sugar', 'Eggs']",12.13,Medium,False,2,tatli
R001,Appetizers,Stuffed Mushrooms,"['Tomatoes', 'Basil', 'Garlic', 'Olive Oil']",10.58,Medium,False,2,ana_yemek
R003,Beverages,Coffee,['confidential'],3.63,Medium,True,2,icecek
R002,Appetizers,Bruschetta,"['Tomatoes', 'Basil', 'Garlic', 'Olive Oil']",8.64,Medium,False,2,ana_yemek
R003,Desserts,Tiramisu,"['Chocolate', 'Butter', 'Sugar', 'Eggs']",15.3,Medium,False,2,tatli
R003,Desserts,Chocolate Lava Cake,"['Chocolate', 'Butter', 'Sugar', 'Eggs']",11.31,Medium,False,2,tatli
R001,Beverages,Coffee,['confidential'],4.9,Medium,True,2,icecek
R002,Desserts,Chocolate Lava Cake,"['Chocolate', 'Butter', 'Sugar', 'Eggs']",10.01,Medium,False,2,tatli
R003,Appetizers,Caprese Salad,"['Tomatoes', 'Basil', 'Garlic', 'Olive Oil']",12.8,High,False,3,salata
R001,Main Course,Vegetable Stir-Fry,"['Chicken', 'Fettuccine', 'Alfredo Sauce', 'Parmesan']",22.37,High,False,3,ana_yemek
R003,Main Course,Grilled Steak,"['Chicken', 'Fettuccine', 'Alfredo Sauce', 'Parmesan']",19.89,Medium,False,2,ana_yemek
R002,Beverages,Coffee,['confidential'],2.93,Low,True,1,icecek
R001,Appetizers,Stuffed Mushrooms,"['Tomatoes', 'Basil', 'Garlic', 'Olive Oil']",11.25,Medium,False,2,ana_yemek
R002,Beverages,Iced Tea,['confidential'],3.44,Medium,True,2,icecek
R003,Main Course,Vegetable Stir-Fry,"['Chicken', 'Fettuccine', 'Alfredo Sauce', 'Parmesan']",24.85,High,False,3,ana_yemek
R001,Appetizers,Stuffed Mushrooms,"['Tomatoes', 'Basil', 'Garlic', 'Olive Oil']",13.46,High,False,3,ana_yemek
R003,Main Course,Shrimp Scampi,"['Chicken', 'Fettuccine', 'Alfredo Sauce', 'Parmesan']",16.57,Medium,False,2,ana_yemek
R001,Beverages,Soda,['confidential'],3.71,Medium,True,2,icecek
R003,Beverages,Iced Tea,['confidential'],3.85,Medium,True,2,icecek
R001,Main Course,Vegetable Stir-Fry,"['Chicken', 'Fettuccine', 'Alfredo Sauce', 'Parmesan']",15.15,Medium,False,2,ana_yemek
R001,Main Course,Chicken Alfredo,"['Chicken', 'Fettuccine', 'Alfredo Sauce', 'Parmesan']",16.32,Medium,False,2,ana_yemek
R001,Main Course,Chicken Alfredo,"['Chicken', 'Fettuccine', 'Alfredo Sauce', 'Parmesan']",27.37,High,False,3,ana_yemek
R002,Main Course,Shrimp Scampi,"['Chicken', 'Fettuccine', 'Alfredo Sauce', 'Parmesan']",16.99,Medium,False,2,ana_yemek
R003,Main Course,Grilled Steak,"['Chicken', 'Fettuccine', 'Alfredo Sauce', 'Parmesan']",25.4,High,False,3,ana_yemek
R003,Main Course,Grilled Steak,"['Chicken', 'Fettuccine', 'Alfredo Sauce', 'Parmesan']",17.51,Medium,False,2,ana_yemek
R001,Beverages,Lemonade,['confidential'],2.37,Low,True,1,icecek
R003,Main Course,Chicken Alfredo,"['Chicken', 'Fettuccine', 'Alfredo Sauce', 'Parmesan']",29.04,High,False,3,ana_yemek
R003,Desserts,Fruit Tart,"['Chocolate', 'Butter', 'Sugar', 'Eggs']",12.99,Medium,False,2,tatli
R002,Beverages,Iced Tea,['confidential'],4.35,Medium,True,2,icecek
R003,Desserts,New York Cheesecake,"['Chocolate', 'Butter', 'Sugar', 'Eggs']",10.8,Medium,False,2,tatli
R002,Main Course,Grilled Steak,"['Chicken', 'Fettuccine', 'Alfredo Sauce', 'Parmesan']",21.78,High,False,3,ana_yemek
R003,Desserts,Chocolate Lava Cake,"['Chocolate', 'Butter', 'Sugar', 'Eggs']",11.64,Medium,False,2,tatli
R002,Desserts,Tiramisu,"['Chocolate', 'Butter', 'Sugar', 'Eggs']",10.6,Medium,False,2,tatli
R003,Beverages,Soda,['confidential'],3.44,Medium,True,2,icecek
R003,Main Course,Shrimp Scampi,"['Chicken', 'Fettuccine', 'Alfredo Sauce', 'Parmesan']",29.64,High,False,3,ana_yemek
R001,Beverages,Soda,['confidential'],4.37,Medium,True,2,icecek
R003,Beverages,Lemonade,['confidential'],2.49,Low,True,1,icecek
R001,Desserts,New York Cheesecake,"['Chocolate', 'Butter', 'Sugar', 'Eggs']",10.82,Medium,False,2,tatli
R003,Desserts,Chocolate Lava Cake,"['Chocolate', 'Butter', 'Sugar', 'Eggs']",10.72,Medium,False,2,tatli
R003,Desserts,Chocolate Lava Cake,"['Chocolate', 'Butter', 'Sugar', 'Eggs']",18.4,High,False,3,tatli
R001,Main Course,Chicken Alfredo,"['Chicken', 'Fettuccine', 'Alfredo Sauce', 'Parmesan']",25.91,High,False,3,ana_yemek
R001,Beverages,Coffee,['confidential'],3.89,Medium,True,2,icecek
R002,Beverages,Coffee,['confidential'],2.12,Low,True,1,icecek
R001,Desserts,Fruit Tart,"['Chocolate', 'Butter', 'Sugar', 'Eggs']",15.88,High,False,3,tatli
R002,Appetizers,Caprese Salad,"['Tomatoes', 'Basil', 'Garlic', 'Olive Oil']",11.41,Medium,False,2,salata
R002,Desserts,Tiramisu,"['Chocolate', 'Butter', 'Sugar', 'Eggs']",17.93,High,False,3,tatli
R003,Main Course,Shrimp Scampi,"['Chicken', 'Fettuccine', 'Alfredo Sauce', 'Parmesan']",23.89,High,False,3,ana_yemek
R002,Appetizers,Stuffed Mushrooms,"['Tomatoes', 'Basil', 'Garlic', 'Olive Oil']",10.69,Medium,False,2,ana_yemek
R002,Beverages,Soda,['confidential'],4.2,Medium,True,2,icecek
R003,Main Course,Vegetable Stir-Fry,"['Chicken', 'Fettuccine', 'Alfredo Sauce', 'Parmesan']",21.08,High,False,3,ana_yemek
R002,Desserts,Tiramisu,"['Chocolate', 'Butter', 'Sugar', 'Eggs']",12.38,Medium,False,2,tatli
R002,Main Course,Shrimp Scampi,"['Chicken', 'Fettuccine', 'Alfredo Sauce', 'Parmesan']",21.2,High,False,3,ana_yemek
R002,Appetizers,Bruschetta,"['Tomatoes', 'Basil', 'Garlic', 'Olive Oil']",9.73,Medium,False,2,ana_yemek
R001,Desserts,Tiramisu,"['Chocolate', 'Butter', 'Sugar', 'Eggs']",15.15,High,False,3,tatli
R001,Beverages,Iced Tea,['confidential'],2.29,Low,True,1,icecek
R001,Desserts,Chocolate Lava Cake,"['Chocolate', 'Butter', 'Sugar', 'Eggs']",19.69,High,False,3,tatli
R002,Desserts,Chocolate Lava Cake,"['Chocolate', 'Butter', 'Sugar', 'Eggs']",10.09,Medium,False,2,tatli
R001,Beverages,Coffee,['confidential'],2.39,Low,True,1,icecek
R001,Desserts,New York Cheesecake,"['Chocolate', 'Butter', 'Sugar', 'Eggs']",12.35,Medium,False,2,tatli
R002,Desserts,Tiramisu,"['Chocolate', 'Butter', 'Sugar', 'Eggs']",11.7,Low,False,1,tatli
R002,Appetizers,Caprese Salad,"['Tomatoes', 'Basil', 'Garlic', 'Olive Oil']",12.69,High,False,3,salata
R001,Appetizers,Bruschetta,"['Tomatoes', 'Basil', 'Garlic', 'Olive Oil']",9.74,Medium,False,2,ana_yemek
R003,Beverages,Soda,['confidential'],2.76,Low,True,1,icecek
R002,Beverages,Coffee,['confidential'],2.11,Low,True,1,icecek
R001,Desserts,Chocolate Lava Cake,"['Chocolate', 'Butter', 'Sugar', 'Eggs']",15.34,High,False,3,tatli
R001,Appetizers,Stuffed Mushrooms,"['Tomatoes', 'Basil', 'Garlic', 'Olive Oil']",13.64,High,False,3,ana_yemek
R003,Desserts,Tiramisu,"['Chocolate', 'Butter', 'Sugar', 'Eggs']",12.06,Medium,False,2,tatli
R001,Beverages,Iced Tea,['confidential'],4.96,Low,True,1,icecek
R001,Desserts,Chocolate Lava Cake,"['Chocolate', 'Butter', 'Sugar', 'Eggs']",19.37,High,False,3,tatli
R001,Appetizers,Spinach Artichoke Dip,"['Tomatoes', 'Basil', 'Garlic', 'Olive Oil']",9.57,Medium,False,2,ana_yemek
R001,Appetizers,Spinach Artichoke Dip,"['Tomatoes', 'Basil', 'Garlic', 'Olive Oil']",10.21,Medium,False,2,ana_yemek
R001,Desserts,Tiramisu,"['Chocolate', 'Butter', 'Sugar', 'Eggs']",16.88,High,False,3,tatli
R001,Main Course,Vegetable Stir-Fry,"['Chicken', 'Fettuccine', 'Alfredo Sauce', 'Parmesan']",25.29,High,False,3,ana_yemek
R002,Main Course,Chicken Alfredo,"['Chicken', 'Fettuccine', 'Alfredo Sauce', 'Parmesan']",24.59,High,False,3,ana_yemek
R001,Desserts,New York Cheesecake,"['Chocolate', 'Butter', 'Sugar', 'Eggs']",12.54,Medium,False,2,tatli
R003,Main Course,Shrimp Scampi,"['Chicken', 'Fettuccine', 'Alfredo Sauce', 'Parmesan']",25.0,High,False,3,ana_yemek
R003,Beverages,Iced Tea,['confidential'],2.92,Low,True,1,icecek
R002,Main Course,Vegetable Stir-Fry,"['Chicken', 'Fettuccine', 'Alfredo Sauce', 'Parmesan']",25.1,High,False,3,ana_yemek
R002,Appetizers,Bruschetta,"['Tomatoes', 'Basil', 'Garlic', 'Olive Oil']",13.12,High,False,3,ana_yemek
R001,Beverages,Iced Tea,['confidential'],4.6,Medium,True,2,icecek
R002,Desserts,Tiramisu,"['Chocolate', 'Butter', 'Sugar', 'Eggs']",16.62,Low,False,1,tatli
R003,Main Course,Shrimp Scampi,"['Chicken', 'Fettuccine', 'Alfredo Sauce', 'Parmesan']",25.25,High,False,3,ana_yemek
R002,Main Course,Chicken Alfredo,"['Chicken', 'Fettuccine', 'Alfredo Sauce', 'Parmesan']",27.46,High,False,3,ana_yemek
R003,Beverages,Soda,['confidential'],2.09,Low,True,1,icecek
R001,Main Course,Vegetable Stir-Fry,"['Chicken', 'Fettuccine', 'Alfredo Sauce', 'Parmesan']",25.15,High,False,3,ana_yemek
R003,Desserts,Fruit Tart,"['Chocolate', 'Butter', 'Sugar', 'Eggs']",18.27,High,False,3,tatli
R001,Appetizers,Caprese Salad,"['Tomatoes', 'Basil', 'Garlic', 'Olive Oil']",10.44,Medium,False,2,salata
R002,Main Course,Vegetable Stir-Fry,"['Chicken', 'Fettuccine', 'Alfredo Sauce', 'Parmesan']",15.72,Medium,False,2,ana_yemek
R001,Appetizers,Bruschetta,"['Tomatoes', 'Basil', 'Garlic', 'Olive Oil']",14.95,High,False,3,ana_yemek
R001,Appetizers,Bruschetta,"['Tomatoes', 'Basil', 'Garlic', 'Olive Oil']",11.97,Medium,False,2,ana_yemek
R001,Desserts,Fruit Tart,"['Chocolate', 'Butter', 'Sugar', 'Eggs']",16.51,High,False,3,tatli
R002,Main Course,Vegetable Stir-Fry,"['Chicken', 'Fettuccine', 'Alfredo Sauce', 'Parmesan']",25.01,High,False,3,ana_yemek
R002,Main Course,Grilled Steak,"['Chicken', 'Fettuccine', 'Alfredo Sauce', 'Parmesan']",28.17,High,False,3,ana_yemek
R003,Desserts,Chocolate Lava Cake,"['Chocolate', 'Butter', 'Sugar', 'Eggs']",18.18,High,False,3,tatli
R002,Main Course,Shrimp Scampi,"['Chicken', 'Fettuccine', 'Alfredo Sauce', 'Parmesan']",15.09,Medium,False,2,ana_yemek
R003,Appetizers,Stuffed Mushrooms,"['Tomatoes', 'Basil', 'Garlic', 'Olive Oil']",12.27,High,False,3,ana_yemek
R003,Appetizers,Spinach Artichoke Dip,"['Tomatoes', 'Basil', 'Garlic', 'Olive Oil']",10.72,Medium,False,2,ana_yemek
R001,Appetizers,Bruschetta,"['Tomatoes', 'Basil', 'Garlic', 'Olive Oil']",11.82,Medium,False,2,ana_yemek
R003,Beverages,Iced Tea,['confidential'],2.22,Low,True,1,icecek
R003,Beverages,Iced Tea,['confidential'],3.93,Medium,True,2,icecek
R002,Main Course,Chicken Alfredo,"['Chicken', 'Fettuccine', 'Alfredo Sauce', 'Parmesan']",20.7,High,False,3,ana_yemek
R002,Beverages,Coffee,['confidential'],4.54,Medium,True,2,icecek
R001,Appetizers,Caprese Salad,"['Tomatoes', 'Basil', 'Garlic', 'Olive Oil']",8.76,Medium,False,2,salata
R001,Main Course,Vegetable Stir-Fry,"['Chicken', 'Fettuccine', 'Alfredo Sauce', 'Parmesan']",23.7,High,False,3,ana_yemek
R003,Desserts,Fruit Tart,"['Chocolate', 'Butter', 'Sugar', 'Eggs']",15.49,High,False,3,tatli
R002,Main Course,Vegetable Stir-Fry,"['Chicken', 'Fettuccine', 'Alfredo Sauce', 'Parmesan']",29.33,Medium,False,2,ana_yemek
R001,Appetizers,Spinach Artichoke Dip,"['Tomatoes', 'Basil', 'Garlic', 'Olive Oil']",11.02,Medium,False,2,ana_yemek
R003,Appetizers,Stuffed Mushrooms,"['Tomatoes', 'Basil', 'Garlic', 'Olive Oil']",14.68,Medium,False,2,ana_yemek
R003,Desserts,New York Cheesecake,"['Chocolate', 'Butter', 'Sugar', 'Eggs']",11.97,Medium,False,2,tatli
R001,Main Course,Shrimp Scampi,"['Chicken', 'Fettuccine', 'Alfredo Sauce', 'Parmesan']",16.52,Medium,False,2,ana_yemek
R001,Beverages,Coffee,['confidential'],3.57,Medium,True,2,icecek
R002,Desserts,Chocolate Lava Cake,"['Chocolate', 'Butter', 'Sugar', 'Eggs']",18.03,High,False,3,tatli
R003,Beverages,Coffee,['confidential'],2.27,Medium,True,2,icecek
R002,Main Course,Grilled Steak,"['Chicken', 'Fettuccine', 'Alfredo Sauce', 'Parmesan']",19.09,Medium,False,2,ana_yemek
R002,Appetizers,Caprese Salad,"['Tomatoes', 'Basil', 'Garlic', 'Olive Oil']",9.27,Medium,False,2,salata
R003,Desserts,New York Cheesecake,"['Chocolate', 'Butter', 'Sugar', 'Eggs']",11.07,Medium,False,2,tatli
R002,Appetizers,Caprese Salad,"['Tomatoes', 'Basil', 'Garlic', 'Olive Oil']",14.42,High,False,3,salata
R001,Main Course,Shrimp Scampi,"['Chicken', 'Fettuccine', 'Alfredo Sauce', 'Parmesan']",29.27,High,False,3,ana_yemek
R003,Main Course,Grilled Steak,"['Chicken', 'Fettuccine', 'Alfredo Sauce', 'Parmesan']",22.73,High,False,3,ana_yemek
R002,Appetizers,Bruschetta,"['Tomatoes', 'Basil', 'Garlic', 'Olive Oil']",14.34,High,False,3,ana_yemek
R001,Main Course,Shrimp Scampi,"['Chicken', 'Fettuccine', 'Alfredo Sauce', 'Parmesan']",26.71,High,False,3,ana_yemek
R002,Beverages,Lemonade,['confidential'],4.55,Medium,True,2,icecek
R003,Main Course,Chicken Alfredo,"['Chicken', 'Fettuccine', 'Alfredo Sauce', 'Parmesan']",16.43,Medium,False,2,ana_yemek
R002,Appetizers,Spinach Artichoke Dip,"['Tomatoes', 'Basil', 'Garlic', 'Olive Oil']",12.11,High,False,3,ana_yemek
R003,Appetizers,Spinach Artichoke Dip,"['Tomatoes', 'Basil', 'Garlic', 'Olive Oil']",14.08,High,False,3,ana_yemek
R001,Desserts,Chocolate Lava Cake,"['Chocolate', 'Butter', 'Sugar', 'Eggs']",10.96,Medium,False,2,tatli
R001,Desserts,New York Cheesecake,"['Chocolate', 'Butter', 'Sugar', 'Eggs']",16.07,High,False,3,tatli
R003,Main Course,Chicken Alfredo,"['Chicken', 'Fettuccine', 'Alfredo Sauce', 'Parmesan']",20.86,High,False,3,ana_yemek
R001,Appetizers,Caprese Salad,"['Tomatoes', 'Basil', 'Garlic', 'Olive Oil']",8.99,Medium,False,2,salata
R003,Desserts,Chocolate Lava Cake,"['Chocolate', 'Butter', 'Sugar', 'Eggs']",16.76,High,False,3,tatli
R002,Main Course,Chicken Alfredo,"['Chicken', 'Fettuccine', 'Alfredo Sauce', 'Parmesan']",25.76,High,False,3,ana_yemek
R001,Desserts,New York Cheesecake,"['Chocolate', 'Butter', 'Sugar', 'Eggs']",13.41,Medium,False,2,tatli
R002,Desserts,Fruit Tart,"['Chocolate', 'Butter', 'Sugar', 'Eggs']",17.24,High,False,3,tatli
R002,Beverages,Lemonade,['confidential'],4.32,Medium,True,2,icecek
R001,Appetizers,Stuffed Mushrooms,"['Tomatoes', 'Basil', 'Garlic', 'Olive Oil']",9.34,Medium,False,2,ana_yemek
R001,Desserts,Tiramisu,"['Chocolate', 'Butter', 'Sugar', 'Eggs']",13.55,Medium,False,2,tatli
R001,Appetizers,Stuffed Mushrooms,"['Tomatoes', 'Basil', 'Garlic', 'Olive Oil']",8.47,Medium,False,2,ana_yemek
R001,Beverages,Lemonade,['confidential'],3.92,Medium,True,2,icecek
R002,Beverages,Iced Tea,['confidential'],4.04,Medium,True,2,icecek
R001,Main Course,Shrimp Scampi,"['Chicken', 'Fettuccine', 'Alfredo Sauce', 'Parmesan']",17.85,Medium,False,2,ana_yemek
R002,Desserts,Fruit Tart,"['Chocolate', 'Butter', 'Sugar', 'Eggs']",16.62,High,False,3,tatli
R001,Desserts,Tiramisu,"['Chocolate', 'Butter', 'Sugar', 'Eggs']",14.46,Medium,False,2,tatli
R002,Beverages,Iced Tea,['confidential'],4.87,Medium,True,2,icecek
R001,Appetizers,Spinach Artichoke Dip,"['Tomatoes', 'Basil', 'Garlic', 'Olive Oil']",13.28,High,False,3,ana_yemek
R003,Beverages,Iced Tea,['confidential'],2.29,Low,True,1,icecek
R001,Desserts,Fruit Tart,"['Chocolate', 'Butter', 'Sugar', 'Eggs']",10.01,Medium,False,2,tatli
R003,Beverages,Iced Tea,['confidential'],2.7,Low,True,1,icecek
R003,Beverages,Iced Tea,['confidential'],4.98,Medium,True,2,icecek
R001,Appetizers,Caprese Salad,"['Tomatoes', 'Basil', 'Garlic', 'Olive Oil']",11.65,Medium,False,2,salata
R002,Main Course,Grilled Steak,"['Chicken', 'Fettuccine', 'Alfredo Sauce', 'Parmesan']",26.82,High,False,3,ana_yemek
R001,Appetizers,Stuffed Mushrooms,"['Tomatoes', 'Basil', 'Garlic', 'Olive Oil']",11.55,Medium,False,2,ana_yemek
R002,Appetizers,Caprese Salad,"['Tomatoes', 'Basil', 'Garlic', 'Olive Oil']",8.82,Medium,False,2,salata
R003,Main Course,Chicken Alfredo,"['Chicken', 'Fettuccine', 'Alfredo Sauce', 'Parmesan']",20.4,High,False,3,ana_yemek
R001,Main Course,Shrimp Scampi,"['Chicken', 'Fettuccine', 'Alfredo Sauce', 'Parmesan']",18.59,Medium,False,2,ana_yemek
R001,Desserts,New York Cheesecake,"['Chocolate', 'Butter', 'Sugar', 'Eggs']",13.97,Medium,False,2,tatli
R003,Main Course,Vegetable Stir-Fry,"['Chicken', 'Fettuccine', 'Alfredo Sauce', 'Parmesan']",28.1,High,False,3,ana_yemek
R002,Desserts,Tiramisu,"['Chocolate', 'Butter', 'Sugar', 'Eggs']",14.97,Medium,False,2,tatli
R002,Beverages,Soda,['confidential'],3.17,Medium,True,2,icecek
R003,Appetizers,Caprese Salad,"['Tomatoes', 'Basil', 'Garlic', 'Olive Oil']",11.78,Medium,False,2,salata
R001,Desserts,Tiramisu,"['Chocolate', 'Butter', 'Sugar', 'Eggs']",18.78,High,False,3,tatli
R002,Main Course,Grilled Steak,"['Chicken', 'Fettuccine', 'Alfredo Sauce', 'Parmesan']",17.12,Medium,False,2,ana_yemek
R003,Beverages,Iced Tea,['confidential'],2.24,Low,True,1,icecek
R001,Desserts,Tiramisu,"['Chocolate', 'Butter', 'Sugar', 'Eggs']",11.54,Medium,False,2,tatli
R003,Main Course,Grilled Steak,"['Chicken', 'Fettuccine', 'Alfredo Sauce', 'Parmesan']",29.63,High,False,3,ana_yemek
R002,Appetizers,Caprese Salad,"['Tomatoes', 'Basil', 'Garlic', 'Olive Oil']",8.93,Medium,False,2,salata
R002,Appetizers,Stuffed Mushrooms,"['Tomatoes', 'Basil', 'Garlic', 'Olive Oil']",12.24,High,False,3,ana_yemek
R001,Main Course,Vegetable Stir-Fry,"['Chicken', 'Fettuccine', 'Alfredo Sauce', 'Parmesan']",26.47,High,False,3,ana_yemek
R001,Beverages,Lemonade,['confidential'],4.86,Low,True,1,icecek
R002,Appetizers,Bruschetta,"['Tomatoes', 'Basil', 'Garlic', 'Olive Oil']",10.57,Medium,False,2,ana_yemek
R001,Main Course,Vegetable Stir-Fry,"['Chicken', 'Fettuccine', 'Alfredo Sauce', 'Parmesan']",17.03,Medium,False,2,ana_yemek
R001,Desserts,Tiramisu,"['Chocolate', 'Butter', 'Sugar', 'Eggs']",18.76,High,False,3,tatli
R001,Desserts,Tiramisu,"['Chocolate', 'Butter', 'Sugar', 'Eggs']",16.03,High,False,3,tatli
R003,Desserts,New York Cheesecake,"['Chocolate', 'Butter', 'Sugar', 'Eggs']",10.61,Medium,False,2,tatli
R003,Main Course,Grilled Steak,"['Chicken', 'Fettuccine', 'Alfredo Sauce', 'Parmesan']",18.18,Medium,False,2,ana_yemek
R002,Desserts,Tiramisu,"['Chocolate', 'Butter', 'Sugar', 'Eggs']",10.58,Low,False,1,tatli
R003,Appetizers,Spinach Artichoke Dip,"['Tomatoes', 'Basil', 'Garlic', 'Olive Oil']",9.67,Medium,False,2,ana_yemek
R003,Appetizers,Bruschetta,"['Tomatoes', 'Basil', 'Garlic', 'Olive Oil']",13.48,High,False,3,ana_yemek
R002,Desserts,New York Cheesecake,"['Chocolate', 'Butter', 'Sugar', 'Eggs']",16.92,High,False,3,tatli
R001,Beverages,Coffee,['confidential'],4.99,Medium,True,2,icecek
R001,Beverages,Coffee,['confidential'],3.58,Medium,True,2,icecek
R003,Main Course,Shrimp Scampi,"['Chicken', 'Fettuccine', 'Alfredo Sauce', 'Parmesan']",26.88,High,False,3,ana_yemek
R003,Main Course,Vegetable Stir-Fry,"['Chicken', 'Fettuccine', 'Alfredo Sauce', 'Parmesan']",17.92,Medium,False,2,ana_yemek
R003,Desserts,Fruit Tart,"['Chocolate', 'Butter', 'Sugar', 'Eggs']",14.82,Medium,False,2,tatli
R003,Appetizers,Bruschetta,"['Tomatoes', 'Basil', 'Garlic', 'Olive Oil']",13.39,High,False,3,ana_yemek
R002,Desserts,Tiramisu,"['Chocolate', 'Butter', 'Sugar', 'Eggs']",11.34,Medium,False,2,tatli
R001,Main Course,Grilled Steak,"['Chicken', 'Fettuccine', 'Alfredo Sauce', 'Parmesan']",18.9,Medium,False,2,ana_yemek
R002,Desserts,Tiramisu,"['Chocolate', 'Butter', 'Sugar', 'Eggs']",11.9,Medium,False,2,tatli
R001,Appetizers,Bruschetta,"['Tomatoes', 'Basil', 'Garlic', 'Olive Oil']",8.08,Medium,False,2,ana_yemek
R002,Appetizers,Bruschetta,"['Tomatoes', 'Basil', 'Garlic', 'Olive Oil']",9.39,Medium,False,2,ana_yemek
R001,Appetizers,Stuffed Mushrooms,"['Tomatoes', 'Basil', 'Garlic', 'Olive Oil']",11.41,Medium,False,2,ana_yemek
R003,Appetizers,Stuffed Mushrooms,"['Tomatoes', 'Basil', 'Garlic', 'Olive Oil']",12.52,High,False,3,ana_yemek
R002,Main Course,Vegetable Stir-Fry,"['Chicken', 'Fettuccine', 'Alfredo Sauce', 'Parmesan']",27.97,High,False,3,ana_yemek
R002,Beverages,Lemonade,['confidential'],3.13,Medium,True,2,icecek
R001,Main Course,Grilled Steak,"['Chicken', 'Fettuccine', 'Alfredo Sauce', 'Parmesan']",26.78,High,False,3,ana_yemek
R001,Appetizers,Bruschetta,"['Tomatoes', 'Basil', 'Garlic', 'Olive Oil']",8.72,Medium,False,2,ana_yemek
R001,Appetizers,Bruschetta,"['Tomatoes', 'Basil', 'Garlic', 'Olive Oil']",13.66,High,False,3,ana_yemek
R001,Appetizers,Caprese Salad,"['Tomatoes', 'Basil', 'Garlic', 'Olive Oil']",14.51,High,False,3,salata
R001,Beverages,Lemonade,['confidential'],3.49,Medium,True,2,icecek
R003,Main Course,Vegetable Stir-Fry,"['Chicken', 'Fettuccine', 'Alfredo Sauce', 'Parmesan']",18.4,Medium,False,2,ana_yemek
R001,Beverages,Lemonade,['confidential'],3.56,Medium,True,2,icecek
R003,Appetizers,Stuffed Mushrooms,"['Tomatoes', 'Basil', 'Garlic', 'Olive Oil']",14.92,High,False,3,ana_yemek
R003,Appetizers,Stuffed Mushrooms,"['Tomatoes', 'Basil', 'Garlic', 'Olive Oil']",8.29,Medium,False,2,ana_yemek
R001,Desserts,New York Cheesecake,"['Chocolate', 'Butter', 'Sugar', 'Eggs']",16.59,High,False,3,tatli
R003,Beverages,Lemonade,['confidential'],2.04,Low,True,1,icecek
R001,Beverages,Soda,['confidential'],3.16,Medium,True,2,icecek
R003,Main Course,Vegetable Stir-Fry,"['Chicken', 'Fettuccine', 'Alfredo Sauce', 'Parmesan']",20.25,High,False,3,ana_yemek
R003,Desserts,New York Cheesecake,"['Chocolate', 'Butter', 'Sugar', 'Eggs']",17.84,Low,False,1,tatli
R003,Desserts,Tiramisu,"['Chocolate', 'Butter', 'Sugar', 'Eggs']",10.98,Medium,False,2,tatli
R002,Main Course,Vegetable Stir-Fry,"['Chicken', 'Fettuccine', 'Alfredo Sauce', 'Parmesan']",16.03,Medium,False,2,ana_yemek
R002,Main Course,Shrimp Scampi,"['Chicken', 'Fettuccine', 'Alfredo Sauce', 'Parmesan']",16.23,Medium,False,2,ana_yemek
R001,Desserts,Fruit Tart,"['Chocolate', 'Butter', 'Sugar', 'Eggs']",17.69,High,False,3,tatli
R001,Appetizers,Caprese Salad,"['Tomatoes', 'Basil', 'Garlic', 'Olive Oil']",12.67,High,False,3,salata
R003,Appetizers,Stuffed Mushrooms,"['Tomatoes', 'Basil', 'Garlic', 'Olive Oil']",12.31,High,False,3,ana_yemek
R002,Appetizers,Bruschetta,"['Tomatoes', 'Basil', 'Garlic', 'Olive Oil']",14.72,High,False,3,ana_yemek
R003,Main Course,Shrimp Scampi,"['Chicken', 'Fettuccine', 'Alfredo Sauce', 'Parmesan']",29.53,High,False,3,ana_yemek
R001,Beverages,Coffee,['confidential'],3.42,Medium,True,2,icecek
R002,Main Course,Chicken Alfredo,"['Chicken', 'Fettuccine', 'Alfredo Sauce', 'Parmesan']",23.74,High,False,3,ana_yemek
R003,Beverages,Coffee,['confidential'],3.85,Medium,True,2,icecek
R002,Desserts,Tiramisu,"['Chocolate', 'Butter', 'Sugar', 'Eggs']",13.38,Medium,False,2,tatli
R002,Desserts,Chocolate Lava Cake,"['Chocolate', 'Butter', 'Sugar', 'Eggs']",13.72,Medium,False,2,tatli
R003,Main Course,Vegetable Stir-Fry,"['Chicken', 'Fettuccine', 'Alfredo Sauce', 'Parmesan']",20.83,High,False,3,ana_yemek
R002,Main Course,Vegetable Stir-Fry,"['Chicken', 'Fettuccine', 'Alfredo Sauce', 'Parmesan']",18.61,Medium,False,2,ana_yemek
R001,Beverages,Coffee,['confidential'],3.49,Medium,True,2,icecek
R001,Beverages,Soda,['confidential'],2.86,Low,True,1,icecek
R002,Desserts,New York Cheesecake,"['Chocolate', 'Butter', 'Sugar', 'Eggs']",18.47,High,False,3,tatli
R001,Desserts,Tiramisu,"['Chocolate', 'Butter', 'Sugar', 'Eggs']",16.36,High,False,3,tatli
R002,Appetizers,Caprese Salad,"['Tomatoes', 'Basil', 'Garlic', 'Olive Oil']",13.89,High,False,3,salata
R002,Desserts,New York Cheesecake,"['Chocolate', 'Butter', 'Sugar', 'Eggs']",16.56,High,False,3,tatli
R003,Beverages,Iced Tea,['confidential'],4.26,Medium,True,2,icecek
R001,Main Course,Vegetable Stir-Fry,"['Chicken', 'Fettuccine', 'Alfredo Sauce', 'Parmesan']",15.65,Medium,False,2,ana_yemek
R002,Main Course,Chicken Alfredo,"['Chicken', 'Fettuccine', 'Alfredo Sauce', 'Parmesan']",25.28,High,False,3,ana_yemek
R003,Main Course,Shrimp Scampi,"['Chicken', 'Fettuccine', 'Alfredo Sauce', 'Parmesan']",22.33,High,False,3,ana_yemek
R003,Beverages,Coffee,['confidential'],4.2,Medium,True,2,icecek
R003,Appetizers,Bruschetta,"['Tomatoes', 'Basil', 'Garlic', 'Olive Oil']",13.2,High,False,3,ana_yemek
R003,Desserts,Tiramisu,"['Chocolate', 'Butter', 'Sugar', 'Eggs']",15.65,High,False,3,tatli
R001,Main Course,Shrimp Scampi,"['Chicken', 'Fettuccine', 'Alfredo Sauce', 'Parmesan']",23.66,High,False,3,ana_yemek
R001,Beverages,Soda,['confidential'],2.48,Low,True,1,icecek
R002,Main Course,Vegetable Stir-Fry,"['Chicken', 'Fettuccine', 'Alfredo Sauce', 'Parmesan']",27.18,High,False,3,ana_yemek
R001,Desserts,Chocolate Lava Cake,"['Chocolate', 'Butter', 'Sugar', 'Eggs']",12.78,Medium,False,2,tatli
R003,Beverages,Coffee,['confidential'],4.4,High,True,3,icecek
R003,Appetizers,Caprese Salad,"['Tomatoes', 'Basil', 'Garlic', 'Olive Oil']",13.2,High,False,3,salata
R002,Desserts,New York Cheesecake,"['Chocolate', 'Butter', 'Sugar', 'Eggs']",11.88,Medium,False,2,tatli
R001,Beverages,Soda,['confidential'],3.62,Low,True,1,icecek
R002,Main Course,Grilled Steak,"['Chicken', 'Fettuccine', 'Alfredo Sauce', 'Parmesan']",27.6,High,False,3,ana_yemek
R001,Main Course,Grilled Steak,"['Chicken', 'Fettuccine', 'Alfredo Sauce', 'Parmesan']",26.24,High,False,3,ana_yemek
R001,Appetizers,Stuffed Mushrooms,"['Tomatoes', 'Basil', 'Garlic', 'Olive Oil']",10.29,Medium,False,2,ana_yemek
R003,Desserts,New York Cheesecake,"['Chocolate', 'Butter', 'Sugar', 'Eggs']",14.7,High,False,3,tatli
R003,Appetizers,Caprese Salad,"['Tomatoes', 'Basil', 'Garlic', 'Olive Oil']",10.58,Medium,False,2,salata
R001,Beverages,Coffee,['confidential'],4.34,Medium,True,2,icecek
R002,Desserts,Tiramisu,"['Chocolate', 'Butter', 'Sugar', 'Eggs']",13.92,Medium,False,2,tatli
R001,Main Course,Vegetable Stir-Fry,"['Chicken', 'Fettuccine', 'Alfredo Sauce', 'Parmesan']",17.68,Medium,False,2,ana_yemek
R002,Main Course,Grilled Steak,"['Chicken', 'Fettuccine', 'Alfredo Sauce', 'Parmesan']",20.33,High,False,3,ana_yemek
R001,Appetizers,Stuffed Mushrooms,"['Tomatoes', 'Basil', 'Garlic', 'Olive Oil']",10.82,Medium,False,2,ana_yemek
R003,Beverages,Soda,['confidential'],3.93,Medium,True,2,icecek
R001,Beverages,Iced Tea,['confidential'],3.68,Medium,True,2,icecek
R002,Beverages,Iced Tea,['confidential'],3.8,Medium,True,2,icecek
R003,Desserts,Fruit Tart,"['Chocolate', 'Butter', 'Sugar', 'Eggs']",18.25,High,False,3,tatli
R001,Desserts,Tiramisu,"['Chocolate', 'Butter', 'Sugar', 'Eggs']",11.49,Medium,False,2,tatli
R001,Beverages,Iced Tea,['confidential'],4.95,Medium,True,2,icecek
R001,Desserts,Fruit Tart,"['Chocolate', 'Butter', 'Sugar', 'Eggs']",15.17,High,False,3,tatli
R001,Beverages,Iced Tea,['confidential'],2.98,Low,True,1,icecek
R003,Appetizers,Caprese Salad,"['Tomatoes', 'Basil', 'Garlic', 'Olive Oil']",10.6,Medium,False,2,salata
R001,Desserts,Fruit Tart,"['Chocolate', 'Butter', 'Sugar', 'Eggs']",17.36,Low,False,1,tatli
R003,Appetizers,Stuffed Mushrooms,"['Tomatoes', 'Basil', 'Garlic', 'Olive Oil']",10.1,Medium,False,2,ana_yemek
R001,Appetizers,Caprese Salad,"['Tomatoes', 'Basil', 'Garlic', 'Olive Oil']",12.45,High,False,3,salata
R003,Desserts,New York Cheesecake,"['Chocolate', 'Butter', 'Sugar', 'Eggs']",14.1,Medium,False,2,tatli
R002,Beverages,Lemonade,['confidential'],4.22,Medium,True,2,icecek
R002,Beverages,Soda,['confidential'],2.55,Low,True,1,icecek
R001,Main Course,Grilled Steak,"['Chicken', 'Fettuccine', 'Alfredo Sauce', 'Parmesan']",17.48,Medium,False,2,ana_yemek
R003,Appetizers,Caprese Salad,"['Tomatoes', 'Basil', 'Garlic', 'Olive Oil']",13.82,High,False,3,salata
R001,Main Course,Chicken Alfredo,"['Chicken', 'Fettuccine', 'Alfredo Sauce', 'Parmesan']",28.94,High,False,3,ana_yemek
R003,Appetizers,Spinach Artichoke Dip,"['Tomatoes', 'Basil', 'Garlic', 'Olive Oil']",9.82,Medium,False,2,ana_yemek
R002,Main Course,Shrimp Scampi,"['Chicken', 'Fettuccine', 'Alfredo Sauce', 'Parmesan']",20.65,High,False,3,ana_yemek
R001,Beverages,Soda,['confidential'],3.31,Medium,True,2,icecek
R001,Beverages,Iced Tea,['confidential'],3.89,Medium,True,2,icecek
R002,Desserts,New York Cheesecake,"['Chocolate', 'Butter', 'Sugar', 'Eggs']",14.96,Medium,False,2,tatli
R001,Beverages,Soda,['confidential'],2.02,Low,True,1,icecek
R001,Main Course,Grilled Steak,"['Chicken', 'Fettuccine', 'Alfredo Sauce', 'Parmesan']",24.15,High,False,3,ana_yemek
R001,Desserts,Fruit Tart,"['Chocolate', 'Butter', 'Sugar', 'Eggs']",16.57,Medium,False,2,tatli
R001,Main Course,Vegetable Stir-Fry,"['Chicken', 'Fettuccine', 'Alfredo Sauce', 'Parmesan']",15.86,Medium,False,2,ana_yemek
R002,Main Course,Vegetable Stir-Fry,"['Chicken', 'Fettuccine', 'Alfredo Sauce', 'Parmesan']",19.14,Medium,False,2,ana_yemek
R003,Beverages,Iced Tea,['confidential'],2.75,Low,True,1,icecek
R002,Desserts,Tiramisu,"['Chocolate', 'Butter', 'Sugar', 'Eggs']",18.45,High,False,3,tatli
R002,Beverages,Soda,['confidential'],3.46,Medium,True,2,icecek
R003,Beverages,Iced Tea,['confidential'],4.72,Medium,True,2,icecek
R001,Appetizers,Stuffed Mushrooms,"['Tomatoes', 'Basil', 'Garlic', 'Olive Oil']",10.21,Medium,False,2,ana_yemek
R003,Desserts,Tiramisu,"['Chocolate', 'Butter', 'Sugar', 'Eggs']",19.0,High,False,3,tatli
R002,Beverages,Coffee,['confidential'],3.64,Medium,True,2,icecek
R003,Beverages,Lemonade,['confidential'],3.18,Medium,True,2,icecek
R002,Beverages,Coffee,['confidential'],2.78,Low,True,1,icecek
R001,Appetizers,Caprese Salad,"['Tomatoes', 'Basil', 'Garlic', 'Olive Oil']",14.86,High,False,3,salata
R001,Desserts,New York Cheesecake,"['Chocolate', 'Butter', 'Sugar', 'Eggs']",11.98,Medium,False,2,tatli
R001,Desserts,New York Cheesecake,"['Chocolate', 'Butter', 'Sugar', 'Eggs']",19.72,High,False,3,tatli
R001,Appetizers,Bruschetta,"['Tomatoes', 'Basil', 'Garlic', 'Olive Oil']",8.15,Medium,False,2,ana_yemek
R001,Beverages,Lemonade,['confidential'],2.75,Low,True,1,icecek
R003,Main Course,Shrimp Scampi,"['Chicken', 'Fettuccine', 'Alfredo Sauce', 'Parmesan']",23.18,High,False,3,ana_yemek
R003,Appetizers,Spinach Artichoke Dip,"['Tomatoes', 'Basil', 'Garlic', 'Olive Oil']",12.95,High,False,3,ana_yemek
R001,Main Course,Grilled Steak,"['Chicken', 'Fettuccine', 'Alfredo Sauce', 'Parmesan']",18.39,Medium,False,2,ana_yemek
R002,Appetizers,Caprese Salad,"['Tomatoes', 'Basil', 'Garlic', 'Olive Oil']",9.16,Medium,False,2,salata
R002,Main Course,Vegetable Stir-Fry,"['Chicken', 'Fettuccine', 'Alfredo Sauce', 'Parmesan']",18.24,Medium,False,2,ana_yemek
R002,Main Course,Vegetable Stir-Fry,"['Chicken', 'Fettuccine', 'Alfredo Sauce', 'Parmesan']",21.18,High,False,3,ana_yemek
R001,Desserts,Tiramisu,"['Chocolate', 'Butter', 'Sugar', 'Eggs']",12.91,Medium,False,2,tatli
R002,Desserts,Fruit Tart,"['Chocolate', 'Butter', 'Sugar', 'Eggs']",17.94,High,False,3,tatli
R001,Beverages,Coffee,['confidential'],2.78,Low,True,1,icecek
R002,Desserts,Fruit Tart,"['Chocolate', 'Butter', 'Sugar', 'Eggs']",17.57,High,False,3,tatli
R002,Desserts,Fruit Tart,"['Chocolate', 'Butter', 'Sugar', 'Eggs']",11.26,Medium,False,2,tatli
R003,Main Course,Vegetable Stir-Fry,"['Chicken', 'Fettuccine', 'Alfredo Sauce', 'Parmesan']",28.06,High,False,3,ana_yemek
R003,Appetizers,Bruschetta,"['Tomatoes', 'Basil', 'Garlic', 'Olive Oil']",11.92,Medium,False,2,ana_yemek
R002,Appetizers,Spinach Artichoke Dip,"['Tomatoes', 'Basil', 'Garlic', 'Olive Oil']",11.87,Medium,False,2,ana_yemek
R002,Desserts,Fruit Tart,"['Chocolate', 'Butter', 'Sugar', 'Eggs']",12.82,Medium,False,2,tatli
R002,Beverages,Lemonade,['confidential'],2.32,Medium,True,2,icecek
R003,Appetizers,Spinach Artichoke Dip,"['Tomatoes', 'Basil', 'Garlic', 'Olive Oil']",10.66,Medium,False,2,ana_yemek
R003,Appetizers,Spinach Artichoke Dip,"['Tomatoes', 'Basil', 'Garlic', 'Olive Oil']",9.37,Medium,False,2,ana_yemek
R002,Beverages,Coffee,['confidential'],3.07,Medium,True,2,icecek
R001,Beverages,Soda,['confidential'],3.9,Medium,True,2,icecek
R002,Beverages,Iced Tea,['confidential'],2.47,Low,True,1,icecek
R002,Beverages,Iced Tea,['confidential'],2.95,Low,True,1,icecek
R003,Appetizers,Spinach Artichoke Dip,"['Tomatoes', 'Basil', 'Garlic', 'Olive Oil']",14.28,High,False,3,ana_yemek
R003,Beverages,Iced Tea,['confidential'],2.42,Low,True,1,icecek
R001,Desserts,Fruit Tart,"['Chocolate', 'Butter', 'Sugar', 'Eggs']",13.64,Medium,False,2,tatli
R003,Appetizers,Stuffed Mushrooms,"['Tomatoes', 'Basil', 'Garlic', 'Olive Oil']",13.59,High,False,3,ana_yemek
R002,Main Course,Shrimp Scampi,"['Chicken', 'Fettuccine', 'Alfredo Sauce', 'Parmesan']",28.24,High,False,3,ana_yemek
R003,Main Course,Shrimp Scampi,"['Chicken', 'Fettuccine', 'Alfredo Sauce', 'Parmesan']",29.51,High,False,3,ana_yemek
R003,Appetizers,Spinach Artichoke Dip,"['Tomatoes', 'Basil', 'Garlic', 'Olive Oil']",8.86,Medium,False,2,ana_yemek
R002,Main Course,Shrimp Scampi,"['Chicken', 'Fettuccine', 'Alfredo Sauce', 'Parmesan']",24.84,High,False,3,ana_yemek
R003,Appetizers,Bruschetta,"['Tomatoes', 'Basil', 'Garlic', 'Olive Oil']",8.65,High,False,3,ana_yemek
R001,Beverages,Iced Tea,['confidential'],2.63,Low,True,1,icecek
R002,Appetizers,Spinach Artichoke Dip,"['Tomatoes', 'Basil', 'Garlic', 'Olive Oil']",9.31,Medium,False,2,ana_yemek
R001,Appetizers,Stuffed Mushrooms,"['Tomatoes', 'Basil', 'Garlic', 'Olive Oil']",14.43,High,False,3,ana_yemek
R002,Desserts,Fruit Tart,"['Chocolate', 'Butter', 'Sugar', 'Eggs']",13.14,Medium,False,2,tatli
R003,Main Course,Shrimp Scampi,"['Chicken', 'Fettuccine', 'Alfredo Sauce', 'Parmesan']",24.78,High,False,3,ana_yemek
R001,Appetizers,Stuffed Mushrooms,"['Tomatoes', 'Basil', 'Garlic', 'Olive Oil']",11.46,Medium,False,2,ana_yemek
R003,Beverages,Coffee,['confidential'],3.58,Medium,True,2,icecek
R001,Beverages,Coffee,['confidential'],2.26,Low,True,1,icecek
R001,Appetizers,Spinach Artichoke Dip,"['Tomatoes', 'Basil', 'Garlic', 'Olive Oil']",8.99,High,False,3,ana_yemek
R001,Desserts,New York Cheesecake,"['Chocolate', 'Butter', 'Sugar', 'Eggs']",11.91,Medium,False,2,tatli
R003,Appetizers,Spinach Artichoke Dip,"['Tomatoes', 'Basil', 'Garlic', 'Olive Oil']",12.35,High,False,3,ana_yemek
R002,Appetizers,Bruschetta,"['Tomatoes', 'Basil', 'Garlic', 'Olive Oil']",13.64,High,False,3,ana_yemek
R002,Desserts,New York Cheesecake,"['Chocolate', 'Butter', 'Sugar', 'Eggs']",16.34,Medium,False,2,tatli
R003,Desserts,Tiramisu,"['Chocolate', 'Butter', 'Sugar', 'Eggs']",18.56,High,False,3,tatli
R001,Beverages,Lemonade,['confidential'],2.84,Low,True,1,icecek
R003,Desserts,Fruit Tart,"['Chocolate', 'Butter', 'Sugar', 'Eggs']",18.66,High,False,3,tatli
R003,Main Course,Shrimp Scampi,"['Chicken', 'Fettuccine', 'Alfredo Sauce', 'Parmesan']",18.19,Medium,False,2,ana_yemek
R003,Appetizers,Bruschetta,"['Tomatoes', 'Basil', 'Garlic', 'Olive Oil']",10.86,Medium,False,2,ana_yemek
R002,Beverages,Coffee,['confidential'],2.7,Low,True,1,icecek
R001,Desserts,Fruit Tart,"['Chocolate', 'Butter', 'Sugar', 'Eggs']",16.65,High,False,3,tatli
R002,Desserts,Chocolate Lava Cake,"['Chocolate', 'Butter', 'Sugar', 'Eggs']",18.74,High,False,3,tatli
R003,Desserts,New York Cheesecake,"['Chocolate', 'Butter', 'Sugar', 'Eggs']",11.11,Medium,False,2,tatli
R002,Main Course,Grilled Steak,"['Chicken', 'Fettuccine', 'Alfredo Sauce', 'Parmesan']",27.97,High,False,3,ana_yemek
R002,Desserts,New York Cheesecake,"['Chocolate', 'Butter', 'Sugar', 'Eggs']",19.77,High,False,3,tatli
R002,Desserts,Fruit Tart,"['Chocolate', 'Butter', 'Sugar', 'Eggs']",10.18,Medium,False,2,tatli
R002,Main Course,Grilled Steak,"['Chicken', 'Fettuccine', 'Alfredo Sauce', 'Parmesan']",19.2,Medium,False,2,ana_yemek
R001,Desserts,Tiramisu,"['Chocolate', 'Butter', 'Sugar', 'Eggs']",19.11,Medium,False,2,tatli
R002,Desserts,Chocolate Lava Cake,"['Chocolate', 'Butter', 'Sugar', 'Eggs']",18.39,High,False,3,tatli
R001,Desserts,Tiramisu,"['Chocolate', 'Butter', 'Sugar', 'Eggs']",17.27,High,False,3,tatli
R003,Beverages,Lemonade,['confidential'],3.6,Medium,True,2,icecek
R003,Desserts,Fruit Tart,"['Chocolate', 'Butter', 'Sugar', 'Eggs']",11.13,Medium,False,2,tatli
R002,Appetizers,Bruschetta,"['Tomatoes', 'Basil', 'Garlic', 'Olive Oil']",8.48,High,False,3,ana_yemek
R001,Main Course,Chicken Alfredo,"['Chicken', 'Fettuccine', 'Alfredo Sauce', 'Parmesan']",15.19,Medium,False,2,ana_yemek
R001,Main Course,Shrimp Scampi,"['Chicken', 'Fettuccine', 'Alfredo Sauce', 'Parmesan']",16.11,Medium,False,2,ana_yemek
R001,Desserts,Tiramisu,"['Chocolate', 'Butter', 'Sugar', 'Eggs']",17.43,High,False,3,tatli
R003,Beverages,Coffee,['confidential'],4.56,Medium,True,2,icecek
R001,Appetizers,Caprese Salad,"['Tomatoes', 'Basil', 'Garlic', 'Olive Oil']",10.38,Medium,False,2,salata
R003,Desserts,New York Cheesecake,"['Chocolate', 'Butter', 'Sugar', 'Eggs']",15.31,High,False,3,tatli
R002,Appetizers,Stuffed Mushrooms,"['Tomatoes', 'Basil', 'Garlic', 'Olive Oil']",8.24,Medium,False,2,ana_yemek
R003,Desserts,Fruit Tart,"['Chocolate', 'Butter', 'Sugar', 'Eggs']",17.89,High,False,3,tatli
R001,Desserts,Chocolate Lava Cake,"['Chocolate', 'Butter', 'Sugar', 'Eggs']",10.64,Medium,False,2,tatli
R001,Desserts,Fruit Tart,"['Chocolate', 'Butter', 'Sugar', 'Eggs']",11.15,Medium,False,2,tatli
R001,Appetizers,Bruschetta,"['Tomatoes', 'Basil', 'Garlic', 'Olive Oil']",8.23,Medium,False,2,ana_yemek
R003,Appetizers,Caprese Salad,"['Tomatoes', 'Basil', 'Garlic', 'Olive Oil']",14.15,High,False,3,salata
R001,Beverages,Soda,['confidential'],4.08,Medium,True,2,icecek
R002,Beverages,Iced Tea,['confidential'],4.32,Medium,True,2,icecek
R001,Desserts,Tiramisu,"['Chocolate', 'Butter', 'Sugar', 'Eggs']",11.65,Medium,False,2,tatli
R002,Beverages,Soda,['confidential'],3.89,Medium,True,2,icecek
R001,Appetizers,Spinach Artichoke Dip,"['Tomatoes', 'Basil', 'Garlic', 'Olive Oil']",9.66,Medium,False,2,ana_yemek
R001,Desserts,Tiramisu,"['Chocolate', 'Butter', 'Sugar', 'Eggs']",12.63,Medium,False,2,tatli
R002,Desserts,New York Cheesecake,"['Chocolate', 'Butter', 'Sugar', 'Eggs']",19.84,High,False,3,tatli
R003,Main Course,Grilled Steak,"['Chicken', 'Fettuccine', 'Alfredo Sauce', 'Parmesan']",28.37,High,False,3,ana_yemek
R002,Appetizers,Bruschetta,"['Tomatoes', 'Basil', 'Garlic', 'Olive Oil']",11.31,Medium,False,2,ana_yemek
R002,Desserts,Fruit Tart,"['Chocolate', 'Butter', 'Sugar', 'Eggs']",12.39,Medium,False,2,tatli
R002,Appetizers,Bruschetta,"['Tomatoes', 'Basil', 'Garlic', 'Olive Oil']",10.32,Medium,False,2,ana_yemek
R001,Desserts,Fruit Tart,"['Chocolate', 'Butter', 'Sugar', 'Eggs']",14.7,Medium,False,2,tatli
R001,Beverages,Coffee,['confidential'],3.77,Medium,True,2,icecek
R001,Main Course,Chicken Alfredo,"['Chicken', 'Fettuccine', 'Alfredo Sauce', 'Parmesan']",15.11,Medium,False,2,ana_yemek
R002,Beverages,Lemonade,['confidential'],4.53,Medium,True,2,icecek
R001,Main Course,Shrimp Scampi,"['Chicken', 'Fettuccine', 'Alfredo Sauce', 'Parmesan']",27.04,Low,False,1,ana_yemek
R001,Beverages,Iced Tea,['confidential'],3.19,Medium,True,2,icecek
R002,Main Course,Chicken Alfredo,"['Chicken', 'Fettuccine', 'Alfredo Sauce', 'Parmesan']",20.96,High,False,3,ana_yemek
R001,Appetizers,Bruschetta,"['Tomatoes', 'Basil', 'Garlic', 'Olive Oil']",13.73,High,False,3,ana_yemek
R001,Desserts,New York Cheesecake,"['Chocolate', 'Butter', 'Sugar', 'Eggs']",15.07,High,False,3,tatli
R001,Desserts,Chocolate Lava Cake,"['Chocolate', 'Butter', 'Sugar', 'Eggs']",16.75,High,False,3,tatli
R002,Desserts,New York Cheesecake,"['Chocolate', 'Butter', 'Sugar', 'Eggs']",11.31,Medium,False,2,tatli
R002,Appetizers,Bruschetta,"['Tomatoes', 'Basil', 'Garlic', 'Olive Oil']",10.73,Medium,False,2,ana_yemek
R003,Beverages,Coffee,['confidential'],4.72,Medium,True,2,icecek
R001,Appetizers,Stuffed Mushrooms,"['Tomatoes', 'Basil', 'Garlic', 'Olive Oil']",12.72,High,False,3,ana_yemek
R001,Appetizers,Caprese Salad,"['Tomatoes', 'Basil', 'Garlic', 'Olive Oil']",14.69,High,False,3,salata
R002,Appetizers,Stuffed Mushrooms,"['Tomatoes', 'Basil', 'Garlic', 'Olive Oil']",14.04,High,False,3,ana_yemek
R002,Desserts,Tiramisu,"['Chocolate', 'Butter', 'Sugar', 'Eggs']",12.58,High,False,3,tatli
R003,Appetizers,Spinach Artichoke Dip,"['Tomatoes', 'Basil', 'Garlic', 'Olive Oil']",14.1,High,False,3,ana_yemek
R002,Main Course,Vegetable Stir-Fry,"['Chicken', 'Fettuccine', 'Alfredo Sauce', 'Parmesan']",20.76,High,False,3,ana_yemek
R003,Beverages,Iced Tea,['confidential'],2.28,Low,True,1,icecek
R003,Beverages,Coffee,['confidential'],4.25,Medium,True,2,icecek
R001,Beverages,Iced Tea,['confidential'],2.96,Low,True,1,icecek
R001,Desserts,Tiramisu,"['Chocolate', 'Butter', 'Sugar', 'Eggs']",16.69,High,False,3,tatli
R001,Main Course,Grilled Steak,"['Chicken', 'Fettuccine', 'Alfredo Sauce', 'Parmesan']",28.32,Low,False,1,ana_yemek
R001,Main Course,Grilled Steak,"['Chicken', 'Fettuccine', 'Alfredo Sauce', 'Parmesan']",24.54,Low,False,1,ana_yemek
R002,Appetizers,Bruschetta,"['Tomatoes', 'Basil', 'Garlic', 'Olive Oil']",9.08,Medium,False,2,ana_yemek
R003,Beverages,Iced Tea,['confidential'],2.36,Low,True,1,icecek
R002,Appetizers,Caprese Salad,"['Tomatoes', 'Basil', 'Garlic', 'Olive Oil']",13.8,High,False,3,salata
R002,Beverages,Iced Tea,['confidential'],2.04,Low,True,1,icecek
R002,Beverages,Lemonade,['confidential'],3.35,Medium,True,2,icecek
R003,Appetizers,Spinach Artichoke Dip,"['Tomatoes', 'Basil', 'Garlic', 'Olive Oil']",8.31,Medium,False,2,ana_yemek
R001,Main Course,Chicken Alfredo,"['Chicken', 'Fettuccine', 'Alfredo Sauce', 'Parmesan']",18.24,Medium,False,2,ana_yemek
R001,Desserts,Fruit Tart,"['Chocolate', 'Butter', 'Sugar', 'Eggs']",16.52,High,False,3,tatli
R001,Main Course,Shrimp Scampi,"['Chicken', 'Fettuccine', 'Alfredo Sauce', 'Parmesan']",21.45,High,False,3,ana_yemek
R003,Appetizers,Spinach Artichoke Dip,"['Tomatoes', 'Basil', 'Garlic', 'Olive Oil']",11.8,Medium,False,2,ana_yemek
R002,Main Course,Grilled Steak,"['Chicken', 'Fettuccine', 'Alfredo Sauce', 'Parmesan']",21.7,High,False,3,ana_yemek
R003,Appetizers,Spinach Artichoke Dip,"['Tomatoes', 'Basil', 'Garlic', 'Olive Oil']",8.69,Medium,False,2,ana_yemek
R003,Beverages,Coffee,['confidential'],3.11,Medium,True,2,icecek
R001,Main Course,Vegetable Stir-Fry,"['Chicken', 'Fettuccine', 'Alfredo Sauce', 'Parmesan']",20.89,High,False,3,ana_yemek
R003,Main Course,Vegetable Stir-Fry,"['Chicken', 'Fettuccine', 'Alfredo Sauce', 'Parmesan']",17.48,Medium,False,2,ana_yemek
R003,Beverages,Soda,['confidential'],4.67,Medium,True,2,icecek
R001,Desserts,Fruit Tart,"['Chocolate', 'Butter', 'Sugar', 'Eggs']",13.4,Medium,False,2,tatli
R002,Beverages,Iced Tea,['confidential'],3.91,Medium,True,2,icecek
R003,Desserts,New York Cheesecake,"['Chocolate', 'Butter', 'Sugar', 'Eggs']",17.92,High,False,3,tatli
R003,Appetizers,Bruschetta,"['Tomatoes', 'Basil', 'Garlic', 'Olive Oil']",12.74,High,False,3,ana_yemek
R001,Beverages,Iced Tea,['confidential'],4.53,Medium,True,2,icecek
R002,Appetizers,Spinach Artichoke Dip,"['Tomatoes', 'Basil', 'Garlic', 'Olive Oil']",12.82,High,False,3,ana_yemek
R001,Main Course,Chicken Alfredo,"['Chicken', 'Fettuccine', 'Alfredo Sauce', 'Parmesan']",18.43,Medium,False,2,ana_yemek
R002,Desserts,Tiramisu,"['Chocolate', 'Butter', 'Sugar', 'Eggs']",10.31,Medium,False,2,tatli
R003,Main Course,Shrimp Scampi,"['Chicken', 'Fettuccine', 'Alfredo Sauce', 'Parmesan']",15.35,Medium,False,2,ana_yemek
R003,Appetizers,Spinach Artichoke Dip,"['Tomatoes', 'Basil', 'Garlic', 'Olive Oil']",11.41,Medium,False,2,ana_yemek
R002,Appetizers,Caprese Salad,"['Tomatoes', 'Basil', 'Garlic', 'Olive Oil']",8.81,Medium,False,2,salata
R002,Beverages,Soda,['confidential'],3.42,Low,True,1,icecek
R001,Appetizers,Bruschetta,"['Tomatoes', 'Basil', 'Garlic', 'Olive Oil']",12.25,High,False,3,ana_yemek
R002,Beverages,Soda,['confidential'],3.16,High,True,3,icecek
R002,Beverages,Soda,['confidential'],2.46,High,True,3,icecek
R001,Appetizers,Caprese Salad,"['Tomatoes', 'Basil', 'Garlic', 'Olive Oil']",9.18,Medium,False,2,salata
R001,Desserts,New York Cheesecake,"['Chocolate', 'Butter', 'Sugar', 'Eggs']",14.4,Medium,False,2,tatli
R002,Main Course,Vegetable Stir-Fry,"['Chicken', 'Fettuccine', 'Alfredo Sauce', 'Parmesan']",25.64,High,False,3,ana_yemek
R002,Appetizers,Bruschetta,"['Tomatoes', 'Basil', 'Garlic', 'Olive Oil']",10.4,Medium,False,2,ana_yemek
R001,Beverages,Lemonade,['confidential'],3.67,Medium,True,2,icecek
R003,Appetizers,Stuffed Mushrooms,"['Tomatoes', 'Basil', 'Garlic', 'Olive Oil']",12.08,High,False,3,ana_yemek
R001,Desserts,Chocolate Lava Cake,"['Chocolate', 'Butter', 'Sugar', 'Eggs']",16.26,High,False,3,tatli
R003,Beverages,Lemonade,['confidential'],4.35,Medium,True,2,icecek
R001,Beverages,Iced Tea,['confidential'],3.38,Medium,True,2,icecek
R003,Appetizers,Stuffed Mushrooms,"['Tomatoes', 'Basil', 'Garlic', 'Olive Oil']",8.28,Medium,False,2,ana_yemek
R001,Appetizers,Stuffed Mushrooms,"['Tomatoes', 'Basil', 'Garlic', 'Olive Oil']",14.35,High,False,3,ana_yemek
R003,Beverages,Lemonade,['confidential'],4.73,Medium,True,2,icecek
R003,Main Course,Chicken Alfredo,"['Chicken', 'Fettuccine', 'Alfredo Sauce', 'Parmesan']",21.88,Low,False,1,ana_yemek
R002,Appetizers,Caprese Salad,"['Tomatoes', 'Basil', 'Garlic', 'Olive Oil']",13.53,High,False,3,salata
R001,Appetizers,Stuffed Mushrooms,"['Tomatoes', 'Basil', 'Garlic', 'Olive Oil']",9.93,Medium,False,2,ana_yemek
R002,Main Course,Vegetable Stir-Fry,"['Chicken', 'Fettuccine', 'Alfredo Sauce', 'Parmesan']",29.54,Medium,False,2,ana_yemek
R003,Desserts,Tiramisu,"['Chocolate', 'Butter', 'Sugar', 'Eggs']",19.81,High,False,3,tatli
R002,Desserts,New York Cheesecake,"['Chocolate', 'Butter', 'Sugar', 'Eggs']",13.75,Medium,False,2,tatli
R002,Desserts,Chocolate Lava Cake,"['Chocolate', 'Butter', 'Sugar', 'Eggs']",15.63,High,False,3,tatli
R003,Desserts,New York Cheesecake,"['Chocolate', 'Butter', 'Sugar', 'Eggs']",15.11,High,False,3,tatli
R001,Desserts,Tiramisu,"['Chocolate', 'Butter', 'Sugar', 'Eggs']",17.26,High,False,3,tatli
R001,Main Course,Shrimp Scampi,"['Chicken', 'Fettuccine', 'Alfredo Sauce', 'Parmesan']",21.11,High,False,3,ana_yemek
R003,Desserts,New York Cheesecake,"['Chocolate', 'Butter', 'Sugar', 'Eggs']",15.91,High,False,3,tatli
R003,Appetizers,Spinach Artichoke Dip,"['Tomatoes', 'Basil', 'Garlic', 'Olive Oil']",9.4,Medium,False,2,ana_yemek
R001,Beverages,Coffee,['confidential'],2.01,Low,True,1,icecek
R001,Appetizers,Bruschetta,"['Tomatoes', 'Basil', 'Garlic', 'Olive Oil']",14.25,High,False,3,ana_yemek
R003,Desserts,Tiramisu,"['Chocolate', 'Butter', 'Sugar', 'Eggs']",12.56,Medium,False,2,tatli
R001,Appetizers,Spinach Artichoke Dip,"['Tomatoes', 'Basil', 'Garlic', 'Olive Oil']",12.39,Low,False,1,ana_yemek
R003,Desserts,Fruit Tart,"['Chocolate', 'Butter', 'Sugar', 'Eggs']",17.63,High,False,3,tatli
R002,Appetizers,Caprese Salad,"['Tomatoes', 'Basil', 'Garlic', 'Olive Oil']",13.06,Medium,False,2,salata
R002,Main Course,Grilled Steak,"['Chicken', 'Fettuccine', 'Alfredo Sauce', 'Parmesan']",24.49,High,False,3,ana_yemek
R001,Beverages,Coffee,['confidential'],4.41,Medium,True,2,icecek
R003,Beverages,Iced Tea,['confidential'],4.87,Medium,True,2,icecek
R003,Desserts,New York Cheesecake,"['Chocolate', 'Butter', 'Sugar', 'Eggs']",12.01,Medium,False,2,tatli
R002,Appetizers,Stuffed Mushrooms,"['Tomatoes', 'Basil', 'Garlic', 'Olive Oil']",10.06,Medium,False,2,ana_yemek
R003,Desserts,Chocolate Lava Cake,"['Chocolate', 'Butter', 'Sugar', 'Eggs']",13.42,Medium,False,2,tatli
R001,Appetizers,Spinach Artichoke Dip,"['Tomatoes', 'Basil', 'Garlic', 'Olive Oil']",9.0,Medium,False,2,ana_yemek
R001,Beverages,Coffee,['confidential'],4.43,Medium,True,2,icecek
R001,Beverages,Lemonade,['confidential'],3.84,Low,True,1,icecek
R003,Appetizers,Caprese Salad,"['Tomatoes', 'Basil', 'Garlic', 'Olive Oil']",8.54,Medium,False,2,salata
R002,Desserts,Tiramisu,"['Chocolate', 'Butter', 'Sugar', 'Eggs']",13.06,Medium,False,2,tatli
R003,Main Course,Vegetable Stir-Fry,"['Chicken', 'Fettuccine', 'Alfredo Sauce', 'Parmesan']",23.66,High,False,3,ana_yemek
R002,Appetizers,Bruschetta,"['Tomatoes', 'Basil', 'Garlic', 'Olive Oil']",8.71,Medium,False,2,ana_yemek
R002,Beverages,Iced Tea,['confidential'],2.23,Low,True,1,icecek
R003,Main Course,Grilled Steak,"['Chicken', 'Fettuccine', 'Alfredo Sauce', 'Parmesan']",18.63,Medium,False,2,ana_yemek
R002,Beverages,Iced Tea,['confidential'],2.22,Low,True,1,icecek
R001,Beverages,Lemonade,['confidential'],2.63,Low,True,1,icecek
R002,Desserts,New York Cheesecake,"['Chocolate', 'Butter', 'Sugar', 'Eggs']",18.03,High,False,3,tatli
R002,Appetizers,Spinach Artichoke Dip,"['Tomatoes', 'Basil', 'Garlic', 'Olive Oil']",11.34,Medium,False,2,ana_yemek
R001,Appetizers,Bruschetta,"['Tomatoes', 'Basil', 'Garlic', 'Olive Oil']",9.53,Medium,False,2,ana_yemek
R001,Appetizers,Spinach Artichoke Dip,"['Tomatoes', 'Basil', 'Garlic', 'Olive Oil']",10.5,Medium,False,2,ana_yemek
R001,Appetizers,Caprese Salad,"['Tomatoes', 'Basil', 'Garlic', 'Olive Oil']",9.31,Medium,False,2,salata
R003,Desserts,Fruit Tart,"['Chocolate', 'Butter', 'Sugar', 'Eggs']",14.49,Medium,False,2,tatli
R002,Beverages,Coffee,['confidential'],3.66,Medium,True,2,icecek
R002,Main Course,Grilled Steak,"['Chicken', 'Fettuccine', 'Alfredo Sauce', 'Parmesan']",25.71,High,False,3,ana_yemek
R001,Beverages,Lemonade,['confidential'],3.66,Medium,True,2,icecek
R003,Beverages,Soda,['confidential'],4.75,Medium,True,2,icecek
R002,Beverages,Lemonade,['confidential'],2.48,Low,True,1,icecek
R002,Main Course,Vegetable Stir-Fry,"['Chicken', 'Fettuccine', 'Alfredo Sauce', 'Parmesan']",24.44,High,False,3,ana_yemek
R003,Appetizers,Stuffed Mushrooms,"['Tomatoes', 'Basil', 'Garlic', 'Olive Oil']",10.82,Medium,False,2,ana_yemek
R001,Desserts,Chocolate Lava Cake,"['Chocolate', 'Butter', 'Sugar', 'Eggs']",15.11,High,False,3,tatli
R002,Main Course,Vegetable Stir-Fry,"['Chicken', 'Fettuccine', 'Alfredo Sauce', 'Parmesan']",23.9,High,False,3,ana_yemek
R001,Desserts,Fruit Tart,"['Chocolate', 'Butter', 'Sugar', 'Eggs']",18.39,High,False,3,tatli
R001,Main Course,Chicken Alfredo,"['Chicken', 'Fettuccine', 'Alfredo Sauce', 'Parmesan']",29.11,High,False,3,ana_yemek
R001,Beverages,Lemonade,['confidential'],4.48,Medium,True,2,icecek
R003,Desserts,Chocolate Lava Cake,"['Chocolate', 'Butter', 'Sugar', 'Eggs']",18.43,High,False,3,tatli
R002,Desserts,New York Cheesecake,"['Chocolate', 'Butter', 'Sugar', 'Eggs']",14.34,Medium,False,2,tatli
R001,Main Course,Vegetable Stir-Fry,"['Chicken', 'Fettuccine', 'Alfredo Sauce', 'Parmesan']",29.04,High,False,3,ana_yemek
R003,Appetizers,Bruschetta,"['Tomatoes', 'Basil', 'Garlic', 'Olive Oil']",12.81,High,False,3,ana_yemek
R002,Appetizers,Bruschetta,"['Tomatoes', 'Basil', 'Garlic', 'Olive Oil']",14.51,High,False,3,ana_yemek
R001,Beverages,Lemonade,['confidential'],2.01,High,True,3,icecek
R003,Appetizers,Bruschetta,"['Tomatoes', 'Basil', 'Garlic', 'Olive Oil']",14.13,Low,False,1,ana_yemek
R001,Appetizers,Stuffed Mushrooms,"['Tomatoes', 'Basil', 'Garlic', 'Olive Oil']",13.33,High,False,3,ana_yemek
R001,Beverages,Lemonade,['confidential'],4.83,Medium,True,2,icecek
R001,Appetizers,Stuffed Mushrooms,"['Tomatoes', 'Basil', 'Garlic', 'Olive Oil']",13.47,High,False,3,ana_yemek
R001,Main Course,Chicken Alfredo,"['Chicken', 'Fettuccine', 'Alfredo Sauce', 'Parmesan']",20.4,High,False,3,ana_yemek
R003,Beverages,Coffee,['confidential'],3.3,Medium,True,2,icecek
R003,Beverages,Iced Tea,['confidential'],3.9,Low,True,1,icecek
R003,Beverages,Soda,['confidential'],2.16,Low,True,1,icecek
R001,Appetizers,Caprese Salad,"['Tomatoes', 'Basil', 'Garlic', 'Olive Oil']",11.86,Medium,False,2,salata
R003,Main Course,Vegetable Stir-Fry,"['Chicken', 'Fettuccine', 'Alfredo Sauce', 'Parmesan']",20.57,High,False,3,ana_yemek
R002,Desserts,Tiramisu,"['Chocolate', 'Butter', 'Sugar', 'Eggs']",18.8,High,False,3,tatli
R001,Beverages,Soda,['confidential'],4.26,Medium,True,2,icecek
